symbol,name,sector,entry_date,exit_date,entry_price,exit_price,pnl_pct,hold_days,open,exit_reasons
ACLBSL,Aarambha Chautari Laghubitta Bittiya Sanstha Limited,Microfinance,2024-09-09,2024-09-10,1143.0,1104.0,-3.41,1,False,Close below 20 EMA (1154.85)
ACLBSL,Aarambha Chautari Laghubitta Bittiya Sanstha Limited,Microfinance,2024-10-17,2024-10-21,1080.0,1045.0,-3.24,2,False,Close below 20 EMA (1050.87)
ACLBSL,Aarambha Chautari Laghubitta Bittiya Sanstha Limited,Microfinance,2024-10-30,2024-11-06,1042.9,1034.2,-0.83,2,False,Close below 20 EMA (1040.16)
ACLBSL,Aarambha Chautari Laghubitta Bittiya Sanstha Limited,Microfinance,2024-11-11,2024-12-06,1067.0,1103.1,3.38,18,False,Close below 20 EMA (1113.31)
ACLBSL,Aarambha Chautari Laghubitta Bittiya Sanstha Limited,Microfinance,2025-01-06,2025-01-07,1024.0,1022.0,-0.2,1,False,Close below 20 EMA (1035.51)
ACLBSL,Aarambha Chautari Laghubitta Bittiya Sanstha Limited,Microfinance,2025-01-08,2025-01-10,1028.0,1022.0,-0.58,2,False,Close below 20 EMA (1033.91)
ACLBSL,Aarambha Chautari Laghubitta Bittiya Sanstha Limited,Microfinance,2025-01-21,2025-01-22,1025.0,1024.9,-0.01,1,False,Close below 20 EMA (1026.17)
ACLBSL,Aarambha Chautari Laghubitta Bittiya Sanstha Limited,Microfinance,2025-01-23,2025-01-27,1037.0,1145.0,10.41,2,False,RSI overbought (77.4 >= 70)
ACLBSL,Aarambha Chautari Laghubitta Bittiya Sanstha Limited,Microfinance,2025-04-11,2025-04-14,1073.5,1067.03,-0.6,1,False,Close below 20 EMA (1087.42)
ACLBSL,Aarambha Chautari Laghubitta Bittiya Sanstha Limited,Microfinance,2025-04-18,2025-04-21,1079.0,1073.71,-0.49,1,False,Close below 20 EMA (1082.36)
ACLBSL,Aarambha Chautari Laghubitta Bittiya Sanstha Limited,Microfinance,2025-06-18,2025-06-19,1057.85,1044.31,-1.28,1,False,Close below 20 EMA (1048.40); Close below 200 EMA (1049.88)
ADBL,Agriculture Development Bank Limited,Commercial Banks,2024-10-02,2024-10-24,348.01,345.09,-0.84,12,False,Close below 20 EMA (353.29)
ADBL,Agriculture Development Bank Limited,Commercial Banks,2024-11-12,2024-11-13,347.91,346.97,-0.27,1,False,Close below 20 EMA (348.51)
ADBL,Agriculture Development Bank Limited,Commercial Banks,2024-12-27,2024-12-30,313.88,313.97,0.03,1,False,Close below 20 EMA (315.92)
ADBL,Agriculture Development Bank Limited,Commercial Banks,2025-11-06,2025-11-11,305.08,302.76,-0.76,3,False,Close below 20 EMA (304.55)
ADBL,Agriculture Development Bank Limited,Commercial Banks,2025-11-24,2025-12-02,306.05,303.9,-0.7,6,False,Close below 20 EMA (306.66)
ADBL,Agriculture Development Bank Limited,Commercial Banks,2026-04-07,2026-04-08,309.0,308.0,-0.32,1,False,Close below 20 EMA (313.87)
ADBL,Agriculture Development Bank Limited,Commercial Banks,2026-05-16,2026-06-09,310.2,314.5,1.39,14,False,Close below 20 EMA (314.66)
ADBL,Agriculture Development Bank Limited,Commercial Banks,2026-06-24,2026-06-25,307.5,307.7,0.07,1,False,Close below 20 EMA (310.60)
ADBL,Agriculture Development Bank Limited,Commercial Banks,2026-07-08,2026-07-09,308.0,304.9,-1.01,1,False,Close below 20 EMA (307.31); Close below 200 EMA (306.41)
ADBL,Agriculture Development Bank Limited,Commercial Banks,2026-07-17,2026-07-28,309.0,322.0,4.21,7,False,RSI overbought (70.9 >= 70)
AHL,Asian Hydropower Limited,Hydro Power,2024-05-01,2024-05-03,447.0,435.2,-2.64,1,False,Close below 20 EMA (442.42)
AHL,Asian Hydropower Limited,Hydro Power,2024-05-06,2024-05-07,441.0,439.8,-0.27,1,False,Close below 20 EMA (442.05)
AHL,Asian Hydropower Limited,Hydro Power,2024-05-14,2024-05-17,435.9,429.2,-1.54,3,False,Close below 20 EMA (439.68)
AHL,Asian Hydropower Limited,Hydro Power,2024-05-20,2024-07-22,436.9,580.0,32.75,42,False,RSI overbought (76.3 >= 70)
AHL,Asian Hydropower Limited,Hydro Power,2024-09-13,2024-09-17,679.1,675.0,-0.6,2,False,Close below 20 EMA (689.61)
AHL,Asian Hydropower Limited,Hydro Power,2024-10-24,2024-11-20,651.0,690.0,5.99,14,False,Close below 20 EMA (691.84)
AHL,Asian Hydropower Limited,Hydro Power,2025-01-03,2025-01-27,718.9,835.0,16.15,15,False,RSI overbought (71.2 >= 70)
AHL,Asian Hydropower Limited,Hydro Power,2025-03-21,2025-03-24,750.83,725.7,-3.35,1,False,Close below 20 EMA (751.48)
AHL,Asian Hydropower Limited,Hydro Power,2025-04-02,2025-04-08,745.38,720.54,-3.33,3,False,Close below 20 EMA (740.72)
AHL,Asian Hydropower Limited,Hydro Power,2025-04-22,2025-04-24,736.69,724.39,-1.67,2,False,Close below 20 EMA (731.98)
AHPC,Arun Valley Hydropower Development Co. Ltd.,Hydro Power,2024-10-02,2024-10-03,260.19,249.66,-4.05,1,False,Close below 20 EMA (252.06)
AHPC,Arun Valley Hydropower Development Co. Ltd.,Hydro Power,2025-01-07,2025-01-13,245.71,239.05,-2.71,4,False,Close below 20 EMA (243.70)
AHPC,Arun Valley Hydropower Development Co. Ltd.,Hydro Power,2025-01-23,2025-02-21,246.0,247.62,0.66,18,False,Close below 20 EMA (250.16)
AHPC,Arun Valley Hydropower Development Co. Ltd.,Hydro Power,2025-04-16,2025-05-01,246.94,284.85,15.35,11,False,RSI overbought (72.4 >= 70)
AHPC,Arun Valley Hydropower Development Co. Ltd.,Hydro Power,2025-09-22,2025-10-08,275.1,274.29,-0.29,5,False,Close below 20 EMA (275.88)
AHPC,Arun Valley Hydropower Development Co. Ltd.,Hydro Power,2025-10-31,2025-11-10,273.24,268.57,-1.71,6,False,Close below 20 EMA (270.51)
AHPC,Arun Valley Hydropower Development Co. Ltd.,Hydro Power,2025-11-25,2025-12-04,270.57,268.1,-0.91,7,False,Close below 20 EMA (269.25)
AHPC,Arun Valley Hydropower Development Co. Ltd.,Hydro Power,2026-01-19,2026-02-03,264.0,266.1,0.8,10,False,Close below 20 EMA (266.61)
AHPC,Arun Valley Hydropower Development Co. Ltd.,Hydro Power,2026-05-21,2026-05-22,282.0,280.0,-0.71,1,False,Close below 20 EMA (280.77)
AHPC,Arun Valley Hydropower Development Co. Ltd.,Hydro Power,2026-05-23,2026-06-02,284.0,281.5,-0.88,4,False,Close below 20 EMA (282.39)
AKJCL,Ankhu Khola Jalvidhyut Company Ltd,Hydro Power,2023-04-12,2023-04-18,147.44,147.4,-0.03,4,False,Close below 20 EMA (148.80)
AKJCL,Ankhu Khola Jalvidhyut Company Ltd,Hydro Power,2023-06-05,2023-06-06,146.8,145.2,-1.09,1,False,Close below 200 EMA (146.32)
AKJCL,Ankhu Khola Jalvidhyut Company Ltd,Hydro Power,2024-04-22,2024-04-23,144.8,144.6,-0.14,1,False,Close below 20 EMA (145.91)
AKJCL,Ankhu Khola Jalvidhyut Company Ltd,Hydro Power,2024-05-01,2024-05-03,145.6,144.76,-0.58,1,False,Close below 20 EMA (145.06)
AKJCL,Ankhu Khola Jalvidhyut Company Ltd,Hydro Power,2024-05-20,2024-05-23,142.84,143.2,0.25,3,False,Close below 20 EMA (143.23)
AKJCL,Ankhu Khola Jalvidhyut Company Ltd,Hydro Power,2024-06-05,2024-06-06,141.52,140.8,-0.51,1,False,Close below 20 EMA (142.34); Close below 200 EMA (141.28)
AKJCL,Ankhu Khola Jalvidhyut Company Ltd,Hydro Power,2024-07-03,2024-07-04,144.4,142.8,-1.11,1,False,Close below 20 EMA (143.19)
AKJCL,Ankhu Khola Jalvidhyut Company Ltd,Hydro Power,2024-10-02,2024-10-03,209.9,205.1,-2.29,1,False,Close below 20 EMA (207.57)
AKJCL,Ankhu Khola Jalvidhyut Company Ltd,Hydro Power,2024-10-30,2024-11-06,216.5,211.5,-2.31,2,False,Close below 20 EMA (211.58)
AKJCL,Ankhu Khola Jalvidhyut Company Ltd,Hydro Power,2024-11-18,2024-11-20,214.8,211.5,-1.54,1,False,Close below 20 EMA (213.22)
AKJCL,Ankhu Khola Jalvidhyut Company Ltd,Hydro Power,2025-01-07,2025-01-10,204.0,201.0,-1.47,3,False,Close below 20 EMA (202.15)
AKJCL,Ankhu Khola Jalvidhyut Company Ltd,Hydro Power,2025-01-23,2025-01-24,199.5,196.0,-1.75,1,False,Close below 20 EMA (198.80)
AKJCL,Ankhu Khola Jalvidhyut Company Ltd,Hydro Power,2025-01-29,2025-02-21,197.0,202.9,2.99,14,False,Close below 20 EMA (203.34)
AKJCL,Ankhu Khola Jalvidhyut Company Ltd,Hydro Power,2025-04-17,2025-04-24,207.68,204.02,-1.76,5,False,Close below 20 EMA (205.63)
AKJCL,Ankhu Khola Jalvidhyut Company Ltd,Hydro Power,2025-04-25,2025-05-15,204.27,206.59,1.14,12,False,Close below 20 EMA (209.16)
AKJCL,Ankhu Khola Jalvidhyut Company Ltd,Hydro Power,2025-06-11,2025-06-24,209.24,209.88,0.31,9,False,Close below 20 EMA (209.98)
AKJCL,Ankhu Khola Jalvidhyut Company Ltd,Hydro Power,2026-05-21,2026-05-28,368.9,440.0,19.27,5,False,RSI overbought (73.2 >= 70)
AKPL,Arun Kabeli Power Ltd.,Hydro Power,2023-02-27,2023-02-28,251.0,249.0,-0.8,1,False,Close below 20 EMA (252.64)
AKPL,Arun Kabeli Power Ltd.,Hydro Power,2024-10-02,2024-10-03,242.0,236.0,-2.48,1,False,Close below 20 EMA (239.07)
AKPL,Arun Kabeli Power Ltd.,Hydro Power,2025-01-21,2025-01-22,236.6,233.9,-1.14,1,False,Close below 20 EMA (236.10)
AKPL,Arun Kabeli Power Ltd.,Hydro Power,2025-01-23,2025-01-24,239.0,235.1,-1.63,1,False,Close below 20 EMA (236.26)
AKPL,Arun Kabeli Power Ltd.,Hydro Power,2025-01-29,2025-02-11,237.9,237.0,-0.38,7,False,Close below 20 EMA (239.03)
AKPL,Arun Kabeli Power Ltd.,Hydro Power,2025-02-17,2025-02-18,233.8,235.5,0.73,1,False,Close below 20 EMA (237.06)
AKPL,Arun Kabeli Power Ltd.,Hydro Power,2025-03-31,2025-04-02,232.98,229.17,-1.64,1,False,Close below 20 EMA (231.45); Close below 200 EMA (229.94)
AKPL,Arun Kabeli Power Ltd.,Hydro Power,2025-04-16,2025-04-24,231.08,227.93,-1.36,6,False,Close below 20 EMA (230.88); Close below 200 EMA (229.95)
AKPL,Arun Kabeli Power Ltd.,Hydro Power,2025-07-16,2025-07-25,261.98,288.9,10.28,7,False,RSI overbought (71.3 >= 70)
AKPL,Arun Kabeli Power Ltd.,Hydro Power,2025-09-22,2025-09-25,254.61,256.2,0.62,2,False,Close below 20 EMA (258.59)
AKPL,Arun Kabeli Power Ltd.,Hydro Power,2026-06-13,2026-06-16,269.8,268.0,-0.67,1,False,Close below 20 EMA (269.39)
ALBSL,Asha Laghubitta Bittiya Sanstha Limited,Microfinance,2024-09-09,2024-09-10,875.27,856.09,-2.19,1,False,Close below 20 EMA (862.82)
ALBSL,Asha Laghubitta Bittiya Sanstha Limited,Microfinance,2024-09-23,2024-09-24,830.51,815.32,-1.83,1,False,Close below 20 EMA (844.35)
ALBSL,Asha Laghubitta Bittiya Sanstha Limited,Microfinance,2025-11-05,2025-11-07,886.76,878.54,-0.93,2,False,Close below 20 EMA (903.63)
ALBSL,Asha Laghubitta Bittiya Sanstha Limited,Microfinance,2026-04-28,2026-04-29,1129.5,1124.0,-0.49,1,False,Close below 20 EMA (1155.35)
ALBSL,Asha Laghubitta Bittiya Sanstha Limited,Microfinance,2026-05-16,2026-05-19,1100.0,1108.0,0.73,1,False,Close below 20 EMA (1121.02)
ALBSL,Asha Laghubitta Bittiya Sanstha Limited,Microfinance,2026-06-03,2026-06-04,1119.0,1114.0,-0.45,1,False,Close below 20 EMA (1118.42)
ALBSL,Asha Laghubitta Bittiya Sanstha Limited,Microfinance,2026-06-10,2026-06-11,1100.0,1110.0,0.91,1,False,Close below 20 EMA (1113.13)
ALBSL,Asha Laghubitta Bittiya Sanstha Limited,Microfinance,2026-06-12,2026-06-13,1104.0,1081.0,-2.08,1,False,Close below 20 EMA (1109.28)
ALBSL,Asha Laghubitta Bittiya Sanstha Limited,Microfinance,2026-06-16,2026-06-19,1105.0,1097.8,-0.65,3,False,Close below 20 EMA (1106.16)
ALBSL,Asha Laghubitta Bittiya Sanstha Limited,Microfinance,2026-06-20,2026-06-23,1097.9,1095.9,-0.18,1,False,Close below 20 EMA (1104.47)
ALBSL,Asha Laghubitta Bittiya Sanstha Limited,Microfinance,2026-07-03,2026-07-07,1099.6,1066.1,-3.05,2,False,Close below 20 EMA (1089.14)
ALBSL,Asha Laghubitta Bittiya Sanstha Limited,Microfinance,2026-07-08,2026-07-09,1069.9,1066.9,-0.28,1,False,Close below 20 EMA (1085.37)
ALBSL,Asha Laghubitta Bittiya Sanstha Limited,Microfinance,2026-07-11,2026-07-14,1061.0,1041.0,-1.89,1,False,Close below 20 EMA (1077.44); Close below 200 EMA (1058.16)
ALBSL,Asha Laghubitta Bittiya Sanstha Limited,Microfinance,2026-07-18,2026-08-07,1075.0,1085.0,0.93,14,False,Close below 20 EMA (1089.18)
ALICL,Asian Life Insurance Co. Limited,Life Insurance,2023-04-17,2023-04-19,366.67,365.01,-0.45,2,False,Close below 20 EMA (365.51)
ALICL,Asian Life Insurance Co. Limited,Life Insurance,2023-06-02,2023-06-16,363.98,426.71,17.23,10,False,RSI overbought (71.3 >= 70)
ALICL,Asian Life Insurance Co. Limited,Life Insurance,2023-08-15,2023-08-16,452.67,444.8,-1.74,1,False,Close below 20 EMA (453.69)
ALICL,Asian Life Insurance Co. Limited,Life Insurance,2023-08-24,2023-08-25,452.61,446.6,-1.33,1,False,Close below 20 EMA (448.87)
ALICL,Asian Life Insurance Co. Limited,Life Insurance,2023-10-20,2023-10-30,415.9,404.53,-2.73,1,False,Close below 20 EMA (419.22); Close below 200 EMA (408.23)
ALICL,Asian Life Insurance Co. Limited,Life Insurance,2024-01-05,2024-01-08,413.61,407.72,-1.42,1,False,Close below 20 EMA (419.05); Close below 200 EMA (409.46)
ALICL,Asian Life Insurance Co. Limited,Life Insurance,2024-10-01,2024-10-22,477.49,486.88,1.97,11,False,Close below 20 EMA (490.35)
ALICL,Asian Life Insurance Co. Limited,Life Insurance,2024-11-26,2024-12-02,503.06,506.94,0.77,4,False,Close below 20 EMA (508.36)
ALICL,Asian Life Insurance Co. Limited,Life Insurance,2025-05-08,2025-05-09,504.08,496.85,-1.43,1,False,Close below 20 EMA (501.51)
ANLB,Aatmanirbhar Laghubitta Bittiya Sanstha Limited,Microfinance,2024-04-03,2024-04-11,1509.23,1479.34,-1.98,5,False,Close below 20 EMA (1544.88)
ANLB,Aatmanirbhar Laghubitta Bittiya Sanstha Limited,Microfinance,2025-02-03,2025-02-06,4586.43,4506.78,-1.74,3,False,Close below 20 EMA (4572.12)
ANLB,Aatmanirbhar Laghubitta Bittiya Sanstha Limited,Microfinance,2025-03-05,2025-03-21,4456.02,4424.51,-0.71,11,False,Close below 20 EMA (4434.77)
ANLB,Aatmanirbhar Laghubitta Bittiya Sanstha Limited,Microfinance,2025-03-28,2025-04-04,4502.18,4398.84,-2.3,4,False,Close below 20 EMA (4432.54)
ANLB,Aatmanirbhar Laghubitta Bittiya Sanstha Limited,Microfinance,2025-06-24,2025-06-25,4739.78,4768.47,0.61,1,False,Close below 20 EMA (4786.91)
ANLB,Aatmanirbhar Laghubitta Bittiya Sanstha Limited,Microfinance,2025-12-17,2025-12-18,5382.93,5409.19,0.49,1,False,Close below 20 EMA (5425.11)
ANLB,Aatmanirbhar Laghubitta Bittiya Sanstha Limited,Microfinance,2025-12-25,2025-12-29,5382.93,5352.21,-0.57,1,False,Close below 20 EMA (5396.62)
ANLB,Aatmanirbhar Laghubitta Bittiya Sanstha Limited,Microfinance,2026-01-05,2026-01-07,5323.41,5273.52,-0.94,2,False,Close below 20 EMA (5361.30)
ANLB,Aatmanirbhar Laghubitta Bittiya Sanstha Limited,Microfinance,2026-01-09,2026-01-13,5339.17,5356.5,0.32,1,False,Close below 20 EMA (5357.21)
ANLB,Aatmanirbhar Laghubitta Bittiya Sanstha Limited,Microfinance,2026-02-05,2026-02-06,5273.35,5277.9,0.09,1,False,Close below 20 EMA (5305.41)
ANLB,Aatmanirbhar Laghubitta Bittiya Sanstha Limited,Microfinance,2026-02-09,2026-02-10,5287.53,5291.99,0.08,1,False,Close below 20 EMA (5302.59)
ANLB,Aatmanirbhar Laghubitta Bittiya Sanstha Limited,Microfinance,2026-04-07,2026-04-09,5689.28,5571.47,-2.07,2,False,Close below 20 EMA (5637.66)
ANLB,Aatmanirbhar Laghubitta Bittiya Sanstha Limited,Microfinance,2026-05-06,2026-05-07,6093.9,5950.0,-2.36,1,False,Close below 20 EMA (6124.92)
ANLB,Aatmanirbhar Laghubitta Bittiya Sanstha Limited,Microfinance,2026-05-21,2026-05-22,6049.9,5938.0,-1.85,1,False,Close below 20 EMA (6077.19)
ANLB,Aatmanirbhar Laghubitta Bittiya Sanstha Limited,Microfinance,2026-05-26,2026-05-27,6038.0,5890.0,-2.45,1,False,Close below 20 EMA (6042.25)
ANLB,Aatmanirbhar Laghubitta Bittiya Sanstha Limited,Microfinance,2026-06-06,2026-06-09,5940.0,5870.0,-1.18,1,False,Close below 20 EMA (5980.60)
ANLB,Aatmanirbhar Laghubitta Bittiya Sanstha Limited,Microfinance,2026-06-10,2026-06-11,5874.0,5874.9,0.02,1,False,Close below 20 EMA (5961.35)
ANLB,Aatmanirbhar Laghubitta Bittiya Sanstha Limited,Microfinance,2026-06-30,2026-07-01,5884.9,5882.0,-0.05,1,False,Close below 20 EMA (5929.53)
ANLB,Aatmanirbhar Laghubitta Bittiya Sanstha Limited,Microfinance,2026-07-10,2026-07-18,5798.0,6120.0,5.55,6,False,Close below 20 EMA (6341.06)
ANLB,Aatmanirbhar Laghubitta Bittiya Sanstha Limited,Microfinance,2026-07-23,2026-07-24,5841.0,5818.0,-0.39,1,False,Close below 20 EMA (6164.27)
ANLB,Aatmanirbhar Laghubitta Bittiya Sanstha Limited,Microfinance,2026-08-08,2026-08-11,5999.0,5467.0,-8.87,1,False,Close below 20 EMA (5836.11); Close below 200 EMA (5655.76)
API,Api Power Company Ltd.,Hydro Power,2023-07-13,2023-07-14,185.04,180.5,-2.45,1,False,Close below 20 EMA (181.78); Close below 200 EMA (184.03)
API,Api Power Company Ltd.,Hydro Power,2024-10-02,2024-10-03,273.02,265.76,-2.66,1,False,Close below 20 EMA (277.82)
API,Api Power Company Ltd.,Hydro Power,2025-01-07,2025-01-13,260.0,251.43,-3.3,4,False,Close below 20 EMA (255.21)
API,Api Power Company Ltd.,Hydro Power,2025-01-21,2025-01-22,252.38,252.38,0.0,1,False,Close below 20 EMA (253.25)
API,Api Power Company Ltd.,Hydro Power,2025-09-22,2025-09-25,272.48,274.29,0.66,2,False,Close below 20 EMA (276.27)
API,Api Power Company Ltd.,Hydro Power,2025-10-31,2025-11-07,271.33,265.71,-2.07,5,False,Close below 20 EMA (269.31); Close below 200 EMA (269.43)
API,Api Power Company Ltd.,Hydro Power,2026-08-12,2026-08-13,332.0,331.0,-0.3,1,False,Close below 20 EMA (333.42)
AVYAN,Aviyan Laghubitta Bittiya Sanstha Limited,Microfinance,2023-09-13,2023-09-28,655.0,650.0,-0.76,9,False,Close below 20 EMA (664.39)
AVYAN,Aviyan Laghubitta Bittiya Sanstha Limited,Microfinance,2024-08-26,2024-08-28,1024.0,990.0,-3.32,1,False,Close below 20 EMA (1026.38)
AVYAN,Aviyan Laghubitta Bittiya Sanstha Limited,Microfinance,2024-09-06,2024-09-10,988.0,974.0,-1.42,2,False,Close below 20 EMA (989.36)
AVYAN,Aviyan Laghubitta Bittiya Sanstha Limited,Microfinance,2024-10-28,2024-10-29,904.0,910.5,0.72,1,False,Close below 20 EMA (912.37)
AVYAN,Aviyan Laghubitta Bittiya Sanstha Limited,Microfinance,2025-01-16,2025-02-03,1028.0,1188.0,15.56,10,False,RSI overbought (76.3 >= 70)
AVYAN,Aviyan Laghubitta Bittiya Sanstha Limited,Microfinance,2025-03-28,2025-04-02,1080.38,1058.82,-2.0,2,False,Close below 20 EMA (1085.08)
AVYAN,Aviyan Laghubitta Bittiya Sanstha Limited,Microfinance,2025-04-18,2025-04-21,1077.53,1053.86,-2.2,1,False,Close below 20 EMA (1071.04)
AVYAN,Aviyan Laghubitta Bittiya Sanstha Limited,Microfinance,2025-05-19,2025-05-20,1011.23,1005.48,-0.57,1,False,Close below 20 EMA (1015.50); Close below 200 EMA (1006.69)
AVYAN,Aviyan Laghubitta Bittiya Sanstha Limited,Microfinance,2025-05-28,2025-06-03,1019.06,1022.03,0.29,2,False,Close below 20 EMA (1026.67)
AVYAN,Aviyan Laghubitta Bittiya Sanstha Limited,Microfinance,2026-05-05,2026-05-07,1115.0,1118.0,0.27,2,False,Close below 20 EMA (1121.85)
BARUN,Barun Hydropower Co. Ltd.,Hydro Power,2024-03-13,2024-03-14,169.93,168.02,-1.12,1,False,Close below 20 EMA (170.01)
BARUN,Barun Hydropower Co. Ltd.,Hydro Power,2024-10-02,2024-10-29,215.27,238.57,10.82,15,False,RSI overbought (70.6 >= 70)
BARUN,Barun Hydropower Co. Ltd.,Hydro Power,2025-01-07,2025-02-04,246.25,280.19,13.78,17,False,RSI overbought (72.1 >= 70)
BARUN,Barun Hydropower Co. Ltd.,Hydro Power,2025-06-06,2025-06-10,304.8,295.8,-2.95,2,False,Close below 20 EMA (298.92)
BARUN,Barun Hydropower Co. Ltd.,Hydro Power,2025-11-03,2025-12-08,317.42,327.0,3.02,24,False,Close below 20 EMA (328.32)
BARUN,Barun Hydropower Co. Ltd.,Hydro Power,2026-01-14,2026-01-26,321.0,375.0,16.82,6,False,RSI overbought (82.1 >= 70)
BARUN,Barun Hydropower Co. Ltd.,Hydro Power,2026-06-04,2026-06-05,348.0,345.0,-0.86,1,False,Close below 20 EMA (347.76)
BARUN,Barun Hydropower Co. Ltd.,Hydro Power,2026-06-10,2026-06-11,341.0,340.0,-0.29,1,False,Close below 20 EMA (345.21)
BBC,Bishal Bazar Company Limited,Tradings,2023-09-12,2023-09-13,3851.0,3765.0,-2.23,1,False,Close below 20 EMA (3835.49)
BBC,Bishal Bazar Company Limited,Tradings,2023-09-14,2023-09-18,3927.0,3770.0,-4.0,1,False,Close below 20 EMA (3837.14)
BBC,Bishal Bazar Company Limited,Tradings,2023-10-12,2023-10-13,3720.0,3634.0,-2.31,1,False,Close below 20 EMA (3746.02)
BBC,Bishal Bazar Company Limited,Tradings,2023-12-12,2024-01-03,3676.0,3775.2,2.7,13,False,Close below 20 EMA (3840.88)
BBC,Bishal Bazar Company Limited,Tradings,2024-01-09,2024-01-12,3875.0,3830.0,-1.16,3,False,Close below 20 EMA (3838.33)
BBC,Bishal Bazar Company Limited,Tradings,2024-02-15,2024-02-16,3710.0,3635.8,-2.0,1,False,Close below 20 EMA (3731.64); Close below 200 EMA (3674.83)
BBC,Bishal Bazar Company Limited,Tradings,2024-05-06,2024-05-07,3726.0,3699.8,-0.7,1,False,Close below 20 EMA (3741.75); Close below 200 EMA (3718.44)
BBC,Bishal Bazar Company Limited,Tradings,2024-05-20,2024-05-23,3780.1,3725.0,-1.46,3,False,Close below 20 EMA (3739.80)
BBC,Bishal Bazar Company Limited,Tradings,2024-05-28,2024-06-11,3752.2,3785.0,0.87,9,False,Close below 20 EMA (3791.73)
BBC,Bishal Bazar Company Limited,Tradings,2024-10-08,2024-10-09,4330.0,4250.0,-1.85,1,False,Close below 20 EMA (4289.20)
BBC,Bishal Bazar Company Limited,Tradings,2024-11-07,2024-11-20,4260.0,4270.0,0.23,7,False,Close below 20 EMA (4306.62)
BBC,Bishal Bazar Company Limited,Tradings,2024-11-21,2024-11-22,4300.0,4200.0,-2.33,1,False,Close below 20 EMA (4295.89)
BBC,Bishal Bazar Company Limited,Tradings,2025-01-23,2025-01-27,5832.0,5770.0,-1.06,2,False,Close below 20 EMA (5810.31)
BBC,Bishal Bazar Company Limited,Tradings,2025-02-21,2025-02-24,5744.0,5660.0,-1.46,1,False,Close below 20 EMA (5675.80)
BBC,Bishal Bazar Company Limited,Tradings,2025-03-03,2025-03-04,5628.0,5581.1,-0.83,1,False,Close below 20 EMA (5640.30)
BBC,Bishal Bazar Company Limited,Tradings,2025-06-17,2025-06-18,5528.4,5535.7,0.13,1,False,Close below 20 EMA (5601.24)
BBC,Bishal Bazar Company Limited,Tradings,2025-06-24,2025-06-25,5465.37,5460.0,-0.1,1,False,Close below 20 EMA (5535.23)
BBC,Bishal Bazar Company Limited,Tradings,2025-07-10,2025-07-14,5432.63,5383.5,-0.9,2,False,Close below 20 EMA (5450.02)
BBC,Bishal Bazar Company Limited,Tradings,2025-07-18,2025-07-29,5471.17,5843.84,6.81,7,False,RSI overbought (73.1 >= 70)
BBC,Bishal Bazar Company Limited,Tradings,2025-08-28,2025-08-29,5463.75,5390.7,-1.34,1,False,Close below 20 EMA (5423.21)
BEDC,Bhugol Energy Development Company Limited,Hydro Power,2024-05-07,2024-05-08,362.1,361.0,-0.3,1,False,Close below 20 EMA (365.10)
BEDC,Bhugol Energy Development Company Limited,Hydro Power,2024-09-17,2024-09-25,453.9,462.0,1.78,4,False,Close below 20 EMA (471.42)
BEDC,Bhugol Energy Development Company Limited,Hydro Power,2024-10-03,2024-10-21,450.8,464.0,2.93,8,False,Close below 20 EMA (464.85)
BEDC,Bhugol Energy Development Company Limited,Hydro Power,2025-04-22,2025-04-23,773.23,771.09,-0.28,1,False,Close below 20 EMA (775.98)
BEDC,Bhugol Energy Development Company Limited,Hydro Power,2025-05-28,2025-06-10,740.7,725.59,-2.04,6,False,Close below 20 EMA (732.99)
BEDC,Bhugol Energy Development Company Limited,Hydro Power,2025-06-16,2025-06-17,703.86,697.38,-0.92,1,False,Close below 20 EMA (719.46)
BEDC,Bhugol Energy Development Company Limited,Hydro Power,2025-07-04,2025-07-11,710.59,678.1,-4.57,5,False,Close below 20 EMA (684.09)
BEDC,Bhugol Energy Development Company Limited,Hydro Power,2025-07-18,2025-07-31,694.84,853.95,22.9,9,False,RSI overbought (70.4 >= 70)
BEDC,Bhugol Energy Development Company Limited,Hydro Power,2025-09-24,2025-09-26,698.1,681.7,-2.35,2,False,Close below 20 EMA (682.55); Close below 200 EMA (684.35)
BFC,Best Finance Company Ltd.,Finance,2024-01-09,2024-01-22,320.0,320.5,0.16,8,False,Close below 20 EMA (325.94); Close below 200 EMA (321.03)
BFC,Best Finance Company Ltd.,Finance,2025-01-09,2025-01-10,710.0,682.0,-3.94,1,False,Close below 20 EMA (694.59)
BFC,Best Finance Company Ltd.,Finance,2025-02-06,2025-02-24,638.0,645.0,1.1,11,False,Close below 20 EMA (648.09)
BGWT,Bhagawati Hydropower Development Company Ltd.,Hydro Power,2024-09-16,2024-09-17,839.24,805.59,-4.01,1,False,Close below 20 EMA (820.86)
BGWT,Bhagawati Hydropower Development Company Ltd.,Hydro Power,2024-09-24,2024-09-25,815.96,815.79,-0.02,1,False,Close below 20 EMA (817.97)
BGWT,Bhagawati Hydropower Development Company Ltd.,Hydro Power,2024-12-24,2024-12-30,869.39,857.89,-1.32,3,False,Close below 20 EMA (861.79)
BGWT,Bhagawati Hydropower Development Company Ltd.,Hydro Power,2025-04-03,2025-04-04,912.03,900.08,-1.31,1,False,Close below 20 EMA (919.40)
BGWT,Bhagawati Hydropower Development Company Ltd.,Hydro Power,2025-05-08,2025-05-09,863.11,850.71,-1.44,1,False,Close below 20 EMA (867.66)
BHCL,Bikash Hydropower Company Limited,Hydro Power,2026-07-25,2026-07-29,523.9,499.2,-4.71,2,False,Close below 20 EMA (504.44); Close below 200 EMA (507.86)
BHDC,Bindyabasini Hydropower Development Company Limited,Hydro Power,2023-06-12,2023-06-21,359.79,356.26,-0.98,7,False,Close below 20 EMA (357.14)
BHDC,Bindyabasini Hydropower Development Company Limited,Hydro Power,2023-06-27,2023-06-28,355.3,352.73,-0.72,1,False,Close below 20 EMA (354.24)
BHDC,Bindyabasini Hydropower Development Company Limited,Hydro Power,2024-03-11,2024-03-20,413.58,413.58,0.0,6,False,Close below 20 EMA (415.53)
BHDC,Bindyabasini Hydropower Development Company Limited,Hydro Power,2024-03-27,2024-03-28,407.41,410.06,0.65,1,False,Close below 20 EMA (412.50)
BHDC,Bindyabasini Hydropower Development Company Limited,Hydro Power,2024-04-10,2024-04-19,414.64,413.67,-0.23,5,False,Close below 20 EMA (415.67)
BHDC,Bindyabasini Hydropower Development Company Limited,Hydro Power,2024-07-10,2024-07-11,502.65,507.06,0.88,1,False,Close below 20 EMA (507.59)
BHDC,Bindyabasini Hydropower Development Company Limited,Hydro Power,2024-10-29,2024-11-15,530.87,664.76,25.22,9,False,RSI overbought (76.4 >= 70)
BHDC,Bindyabasini Hydropower Development Company Limited,Hydro Power,2025-09-05,2025-09-09,557.67,535.35,-4.0,2,False,Close below 20 EMA (544.93)
BHDC,Bindyabasini Hydropower Development Company Limited,Hydro Power,2025-09-22,2025-10-09,534.49,533.33,-0.22,6,False,Close below 20 EMA (545.83); Close below 200 EMA (534.38)
BHDC,Bindyabasini Hydropower Development Company Limited,Hydro Power,2025-10-14,2025-10-16,538.1,510.0,-5.22,2,False,Close below 20 EMA (544.45); Close below 200 EMA (534.86)
BHL,Balephi Hydropower Limited,Hydro Power,2023-04-10,2023-04-11,212.0,203.5,-4.01,1,False,Close below 20 EMA (213.43)
BHL,Balephi Hydropower Limited,Hydro Power,2023-05-08,2023-05-09,203.0,194.45,-4.21,1,False,Close below 20 EMA (204.33)
BHL,Balephi Hydropower Limited,Hydro Power,2023-05-19,2023-05-23,194.5,196.5,1.03,2,False,Close below 20 EMA (197.30)
BHL,Balephi Hydropower Limited,Hydro Power,2023-06-07,2023-06-20,195.0,195.0,0.0,9,False,Close below 20 EMA (197.75)
BHL,Balephi Hydropower Limited,Hydro Power,2023-06-26,2023-06-28,195.1,195.0,-0.05,2,False,Close below 20 EMA (196.02)
BHL,Balephi Hydropower Limited,Hydro Power,2024-05-31,2024-06-07,217.9,215.0,-1.33,5,False,Close below 20 EMA (216.99)
BHL,Balephi Hydropower Limited,Hydro Power,2024-06-10,2024-06-24,219.45,221.0,0.71,9,False,Close below 20 EMA (222.58)
BHL,Balephi Hydropower Limited,Hydro Power,2024-10-29,2024-11-06,274.5,306.6,11.69,3,False,RSI overbought (73.5 >= 70)
BHL,Balephi Hydropower Limited,Hydro Power,2025-03-03,2025-03-05,366.0,365.9,-0.03,2,False,Close below 20 EMA (368.15)
BHPL,Barahi Hydropower Public Limited,Hydro Power,2023-11-27,2023-11-30,416.0,405.2,-2.6,3,False,Close below 20 EMA (409.15); Close below 200 EMA (413.86)
BHPL,Barahi Hydropower Public Limited,Hydro Power,2024-03-27,2024-03-28,484.0,483.0,-0.21,1,False,Close below 20 EMA (486.03)
BHPL,Barahi Hydropower Public Limited,Hydro Power,2024-04-03,2024-04-04,485.0,476.0,-1.86,1,False,Close below 20 EMA (483.88)
BHPL,Barahi Hydropower Public Limited,Hydro Power,2024-04-10,2024-04-19,489.0,484.0,-1.02,5,False,Close below 20 EMA (487.80)
BHPL,Barahi Hydropower Public Limited,Hydro Power,2024-04-29,2024-05-07,481.2,540.0,12.22,5,False,RSI overbought (71.8 >= 70)
BHPL,Barahi Hydropower Public Limited,Hydro Power,2024-09-16,2024-09-17,707.0,684.1,-3.24,1,False,Close below 20 EMA (686.65)
BHPL,Barahi Hydropower Public Limited,Hydro Power,2024-10-02,2024-10-03,702.0,680.0,-3.13,1,False,Close below 20 EMA (689.03)
BHPL,Barahi Hydropower Public Limited,Hydro Power,2024-10-29,2024-10-31,687.0,676.5,-1.53,2,False,Close below 20 EMA (680.11)
BHPL,Barahi Hydropower Public Limited,Hydro Power,2025-03-11,2025-03-12,1036.5,1053.8,1.67,1,False,Close below 20 EMA (1064.40)
BHPL,Barahi Hydropower Public Limited,Hydro Power,2025-03-13,2025-03-19,1075.0,1062.0,-1.21,3,False,Close below 20 EMA (1065.26)
BHPL,Barahi Hydropower Public Limited,Hydro Power,2025-04-04,2025-04-09,1035.43,1047.66,1.18,2,False,Close below 20 EMA (1050.99)
BHPL,Barahi Hydropower Public Limited,Hydro Power,2025-04-11,2025-04-14,1039.6,1041.6,0.19,1,False,Close below 20 EMA (1047.09)
BHPL,Barahi Hydropower Public Limited,Hydro Power,2025-04-17,2025-04-28,1038.72,1034.46,-0.41,7,False,Close below 20 EMA (1046.95)
BHPL,Barahi Hydropower Public Limited,Hydro Power,2025-05-16,2025-05-23,1047.68,1021.6,-2.49,5,False,Close below 20 EMA (1069.98)
BNHC,Buddhabhumi Nepal Hydropower Company Limited,Hydro Power,2023-03-29,2023-03-31,261.5,256.5,-1.91,2,False,Close below 20 EMA (261.47); Close below 200 EMA (261.04)
BNHC,Buddhabhumi Nepal Hydropower Company Limited,Hydro Power,2023-04-12,2023-04-17,263.0,259.0,-1.52,3,False,Close below 20 EMA (259.76); Close below 200 EMA (260.72)
BNHC,Buddhabhumi Nepal Hydropower Company Limited,Hydro Power,2024-05-13,2024-05-14,277.0,276.5,-0.18,1,False,Close below 20 EMA (277.02)
BNHC,Buddhabhumi Nepal Hydropower Company Limited,Hydro Power,2024-08-12,2024-08-19,365.0,360.0,-1.37,5,False,Close below 20 EMA (370.11)
BNHC,Buddhabhumi Nepal Hydropower Company Limited,Hydro Power,2025-03-10,2025-03-11,326.75,320.85,-1.81,1,False,Close below 20 EMA (322.16)
BNHC,Buddhabhumi Nepal Hydropower Company Limited,Hydro Power,2025-05-08,2025-05-09,310.11,306.87,-1.04,1,False,Close below 200 EMA (308.63)
BNHC,Buddhabhumi Nepal Hydropower Company Limited,Hydro Power,2026-05-12,2026-05-13,335.5,326.5,-2.68,1,False,Close below 20 EMA (331.70)
BNHC,Buddhabhumi Nepal Hydropower Company Limited,Hydro Power,2026-06-16,2026-06-17,326.0,325.0,-0.31,1,False,Close below 20 EMA (329.13)
BNL,Bottlers Nepal (Balaju) Limited,Manufacturing And Processing,2025-02-24,2025-04-03,17166.6,17579.8,2.41,10,False,Close below 20 EMA (18930.96)
BNL,Bottlers Nepal (Balaju) Limited,Manufacturing And Processing,2025-06-17,2025-06-18,16700.0,16700.0,0.0,1,False,Close below 20 EMA (16780.91)
BNL,Bottlers Nepal (Balaju) Limited,Manufacturing And Processing,2025-11-16,2025-12-02,16320.0,15850.0,-2.88,7,False,Close below 20 EMA (16217.67); Close below 200 EMA (15927.20)
BNT,Bottlers Nepal (Terai) Limited,Manufacturing And Processing,2023-10-05,2023-10-06,13362.0,13000.0,-2.71,1,False,Close below 20 EMA (13387.71); Close below 200 EMA (13263.38)
BNT,Bottlers Nepal (Terai) Limited,Manufacturing And Processing,2024-03-26,2024-03-27,13775.0,13600.0,-1.27,1,False,Close below 20 EMA (13725.20)
BNT,Bottlers Nepal (Terai) Limited,Manufacturing And Processing,2024-10-02,2024-10-09,15038.0,14504.0,-3.55,4,False,Close below 20 EMA (14719.33)
BNT,Bottlers Nepal (Terai) Limited,Manufacturing And Processing,2024-11-21,2024-11-22,14350.0,13880.0,-3.28,1,False,Close below 20 EMA (14484.58); Close below 200 EMA (14019.28)
BNT,Bottlers Nepal (Terai) Limited,Manufacturing And Processing,2024-12-03,2024-12-04,14300.0,14200.7,-0.69,1,False,Close below 20 EMA (14372.43)
BNT,Bottlers Nepal (Terai) Limited,Manufacturing And Processing,2024-12-12,2024-12-18,14448.0,14050.0,-2.75,3,False,Close below 20 EMA (14289.61); Close below 200 EMA (14054.09)
BPCL,Butwal Power Company Limited,Hydro Power,2023-03-08,2023-03-14,324.0,320.0,-1.23,3,False,Close below 20 EMA (322.30)
BPCL,Butwal Power Company Limited,Hydro Power,2023-04-13,2023-04-21,320.0,313.0,-2.19,6,False,Close below 20 EMA (316.63); Close below 200 EMA (318.12)
BPCL,Butwal Power Company Limited,Hydro Power,2023-04-27,2023-04-28,318.0,312.4,-1.76,1,False,Close below 20 EMA (315.13); Close below 200 EMA (317.85)
BPCL,Butwal Power Company Limited,Hydro Power,2023-06-26,2023-06-27,339.0,333.0,-1.77,1,False,Close below 20 EMA (334.17)
BPCL,Butwal Power Company Limited,Hydro Power,2024-10-02,2024-10-24,429.0,449.0,4.66,12,False,Close below 20 EMA (450.91)
BPCL,Butwal Power Company Limited,Hydro Power,2024-12-05,2024-12-06,446.0,442.5,-0.78,1,False,Close below 20 EMA (446.97)
BPCL,Butwal Power Company Limited,Hydro Power,2025-01-03,2025-01-06,402.5,396.0,-1.61,1,False,Close below 20 EMA (403.95)
BPCL,Butwal Power Company Limited,Hydro Power,2025-01-27,2025-02-14,400.0,403.0,0.75,12,False,Close below 20 EMA (404.40)
BPCL,Butwal Power Company Limited,Hydro Power,2025-09-05,2025-09-08,830.73,815.76,-1.8,1,False,Close below 20 EMA (837.08)
BPCL,Butwal Power Company Limited,Hydro Power,2025-11-18,2025-11-19,737.0,731.0,-0.81,1,False,Close below 20 EMA (732.74)
BPCL,Butwal Power Company Limited,Hydro Power,2025-12-18,2025-12-22,719.3,715.8,-0.49,2,False,Close below 20 EMA (718.26)
BPCL,Butwal Power Company Limited,Hydro Power,2026-02-27,2026-03-02,713.0,715.0,0.28,1,False,Close below 20 EMA (724.52)
BPCL,Butwal Power Company Limited,Hydro Power,2026-03-20,2026-03-30,752.0,729.0,-3.06,6,False,Close below 20 EMA (741.20)
CBBL,Chhimek Laghubitta Bittiya Sanstha Limited,Microfinance,2023-10-03,2023-10-04,750.15,747.4,-0.37,1,False,Close below 20 EMA (750.65)
CBBL,Chhimek Laghubitta Bittiya Sanstha Limited,Microfinance,2024-11-11,2024-11-15,802.55,801.64,-0.11,4,False,Close below 20 EMA (802.28)
CBBL,Chhimek Laghubitta Bittiya Sanstha Limited,Microfinance,2024-11-28,2024-11-29,794.24,792.6,-0.21,1,False,Close below 20 EMA (797.88)
CBBL,Chhimek Laghubitta Bittiya Sanstha Limited,Microfinance,2024-12-03,2024-12-04,791.77,788.97,-0.35,1,False,Close below 20 EMA (795.90)
CBBL,Chhimek Laghubitta Bittiya Sanstha Limited,Microfinance,2025-01-09,2025-01-13,769.78,760.89,-1.15,2,False,Close below 20 EMA (763.48); Close below 200 EMA (765.11)
CBBL,Chhimek Laghubitta Bittiya Sanstha Limited,Microfinance,2025-12-09,2025-12-10,889.78,893.07,0.37,1,False,Close below 20 EMA (900.89)
CBBL,Chhimek Laghubitta Bittiya Sanstha Limited,Microfinance,2026-02-17,2026-02-18,924.0,920.0,-0.43,1,False,Close below 20 EMA (929.09)
CBBL,Chhimek Laghubitta Bittiya Sanstha Limited,Microfinance,2026-03-20,2026-03-30,935.0,939.1,0.44,6,False,Close below 20 EMA (947.69)
CBBL,Chhimek Laghubitta Bittiya Sanstha Limited,Microfinance,2026-04-01,2026-04-02,933.0,920.0,-1.39,1,False,Close below 20 EMA (942.33)
CBBL,Chhimek Laghubitta Bittiya Sanstha Limited,Microfinance,2026-06-23,2026-06-24,916.0,913.1,-0.32,1,False,Close below 20 EMA (915.99)
CFCL,Central Finance Co. Ltd.,Finance,2023-09-14,2023-09-18,344.0,327.0,-4.94,1,False,Close below 20 EMA (331.39); Close below 200 EMA (335.18)
CFCL,Central Finance Co. Ltd.,Finance,2024-01-09,2024-01-23,347.1,340.0,-2.05,9,False,Close below 20 EMA (350.30)
CFCL,Central Finance Co. Ltd.,Finance,2024-02-02,2024-02-05,339.1,339.0,-0.03,1,False,Close below 20 EMA (344.84)
CFCL,Central Finance Co. Ltd.,Finance,2025-01-09,2025-01-13,638.1,606.0,-5.03,2,False,Close below 20 EMA (611.66)
CFCL,Central Finance Co. Ltd.,Finance,2025-02-06,2025-03-06,574.6,622.1,8.27,18,False,Close below 20 EMA (627.61)
CGH,Chandragiri Hills Limited,Hotels And Tourism,2024-09-04,2024-09-05,1028.57,978.1,-4.91,1,False,Close below 20 EMA (1046.68)
CHCL,Chilime Hydropower Company Limited,Hydro Power,2023-05-23,2023-05-29,361.19,385.68,6.78,3,False,RSI overbought (70.4 >= 70)
CHCL,Chilime Hydropower Company Limited,Hydro Power,2023-08-11,2023-08-15,394.09,387.97,-1.55,2,False,Close below 20 EMA (396.05)
CHCL,Chilime Hydropower Company Limited,Hydro Power,2023-09-12,2023-09-13,369.6,367.31,-0.62,1,False,Close below 20 EMA (371.96)
CHCL,Chilime Hydropower Company Limited,Hydro Power,2023-12-06,2023-12-07,367.31,361.42,-1.6,1,False,Close below 20 EMA (363.56); Close below 200 EMA (364.76)
CHCL,Chilime Hydropower Company Limited,Hydro Power,2023-12-08,2023-12-11,366.54,402.51,9.81,1,False,RSI overbought (73.2 >= 70)
CHCL,Chilime Hydropower Company Limited,Hydro Power,2024-03-07,2024-03-08,394.78,396.46,0.43,1,False,Close below 20 EMA (397.62)
CHCL,Chilime Hydropower Company Limited,Hydro Power,2024-03-21,2024-03-22,393.1,392.26,-0.21,1,False,Close below 20 EMA (396.72)
CHCL,Chilime Hydropower Company Limited,Hydro Power,2024-03-29,2024-04-01,388.89,385.52,-0.87,1,False,Close below 20 EMA (392.87); Close below 200 EMA (386.45)
CHCL,Chilime Hydropower Company Limited,Hydro Power,2024-10-02,2024-10-22,483.17,481.48,-0.35,10,False,Close below 20 EMA (483.53)
CHCL,Chilime Hydropower Company Limited,Hydro Power,2024-10-30,2024-11-20,490.74,488.21,-0.52,10,False,Close below 20 EMA (491.91)
CHCL,Chilime Hydropower Company Limited,Hydro Power,2025-01-07,2025-01-08,477.13,474.07,-0.64,1,False,Close below 20 EMA (476.64)
CHCL,Chilime Hydropower Company Limited,Hydro Power,2025-01-23,2025-01-28,476.76,470.74,-1.26,3,False,Close below 20 EMA (471.44)
CHCL,Chilime Hydropower Company Limited,Hydro Power,2025-02-26,2025-03-06,485.93,484.07,-0.38,5,False,Close below 20 EMA (488.28)
CHCL,Chilime Hydropower Company Limited,Hydro Power,2025-07-17,2025-07-31,493.94,504.56,2.15,10,False,Close below 20 EMA (505.73)
CHCL,Chilime Hydropower Company Limited,Hydro Power,2026-03-02,2026-03-09,469.0,509.0,8.53,2,False,RSI overbought (76.7 >= 70)
CHDC,CEDB Holdings Limited,Investment,2023-11-28,2023-12-01,759.68,742.63,-2.24,3,False,Close below 20 EMA (749.10)
CHDC,CEDB Holdings Limited,Investment,2023-12-04,2023-12-05,742.63,731.19,-1.54,1,False,Close below 20 EMA (746.83)
CHDC,CEDB Holdings Limited,Investment,2024-02-19,2024-02-23,808.38,791.74,-2.06,3,False,Close below 20 EMA (807.57)
CHDC,CEDB Holdings Limited,Investment,2024-10-28,2024-10-29,1734.9,1718.5,-0.95,1,False,Close below 20 EMA (1732.55)
CHDC,CEDB Holdings Limited,Investment,2024-12-05,2024-12-09,1685.0,1676.0,-0.53,2,False,Close below 20 EMA (1678.22)
CHDC,CEDB Holdings Limited,Investment,2025-01-07,2025-01-10,1639.0,1600.0,-2.38,3,False,Close below 20 EMA (1612.53)
CHDC,CEDB Holdings Limited,Investment,2025-01-14,2025-01-23,1629.0,1851.0,13.63,6,False,RSI overbought (74.5 >= 70)
CHDC,CEDB Holdings Limited,Investment,2025-03-28,2025-04-16,2274.18,2647.55,16.42,10,False,RSI overbought (70.8 >= 70)
CHDC,CEDB Holdings Limited,Investment,2025-06-09,2025-06-17,2571.05,2580.21,0.36,6,False,Close below 20 EMA (2587.64)
CHDC,CEDB Holdings Limited,Investment,2025-10-30,2025-11-12,2291.0,2297.0,0.26,9,False,Close below 20 EMA (2313.47)
CHDC,CEDB Holdings Limited,Investment,2025-11-18,2025-11-19,2289.0,2280.0,-0.39,1,False,Close below 20 EMA (2293.67); Close below 200 EMA (2288.45)
CHDC,CEDB Holdings Limited,Investment,2025-11-24,2025-12-08,2296.9,2299.0,0.09,9,False,Close below 20 EMA (2336.54)
CHDC,CEDB Holdings Limited,Investment,2026-04-10,2026-04-11,2469.0,2449.9,-0.77,1,False,Close below 20 EMA (2457.55)
CHL,Chhyangdi Hydropower Ltd.,Hydro Power,2023-04-18,2023-04-19,204.5,202.0,-1.22,1,False,Close below 20 EMA (206.39)
CHL,Chhyangdi Hydropower Ltd.,Hydro Power,2023-04-20,2023-04-21,205.75,203.5,-1.09,1,False,Close below 20 EMA (206.06)
CHL,Chhyangdi Hydropower Ltd.,Hydro Power,2023-05-24,2023-05-29,196.5,194.75,-0.89,2,False,Close below 200 EMA (195.32)
CHL,Chhyangdi Hydropower Ltd.,Hydro Power,2023-06-26,2023-06-27,200.0,195.65,-2.17,1,False,Close below 20 EMA (197.60)
CHL,Chhyangdi Hydropower Ltd.,Hydro Power,2024-03-27,2024-03-28,197.5,196.5,-0.51,1,False,Close below 20 EMA (197.53)
CHL,Chhyangdi Hydropower Ltd.,Hydro Power,2024-04-01,2024-04-26,198.8,216.0,8.65,15,False,RSI overbought (72.5 >= 70)
CHL,Chhyangdi Hydropower Ltd.,Hydro Power,2024-06-25,2024-06-26,212.45,209.45,-1.41,1,False,Close below 20 EMA (210.98)
CHL,Chhyangdi Hydropower Ltd.,Hydro Power,2024-07-08,2024-07-09,206.05,205.5,-0.27,1,False,Close below 20 EMA (207.36)
CHL,Chhyangdi Hydropower Ltd.,Hydro Power,2024-10-02,2024-10-03,220.5,219.45,-0.48,1,False,Close below 20 EMA (222.91)
CHL,Chhyangdi Hydropower Ltd.,Hydro Power,2025-03-25,2025-03-26,311.54,305.37,-1.98,1,False,Close below 20 EMA (310.03)
CHL,Chhyangdi Hydropower Ltd.,Hydro Power,2025-05-08,2025-05-15,279.51,287.98,3.03,4,False,Close below 20 EMA (288.25)
CHL,Chhyangdi Hydropower Ltd.,Hydro Power,2026-05-23,2026-06-02,297.0,292.0,-1.68,4,False,Close below 20 EMA (292.85)
CIT,Citizen Investment Trust,Investment,2023-04-26,2023-04-27,1272.33,1252.35,-1.57,1,False,Close below 20 EMA (1267.69); Close below 200 EMA (1271.14)
CIT,Citizen Investment Trust,Investment,2023-09-26,2023-09-28,1563.88,1559.97,-0.25,2,False,Close below 20 EMA (1578.64)
CIT,Citizen Investment Trust,Investment,2023-11-23,2023-12-11,1499.08,1604.48,7.03,12,False,RSI overbought (73.6 >= 70)
CIT,Citizen Investment Trust,Investment,2024-03-27,2024-03-28,1651.32,1643.51,-0.47,1,False,Close below 20 EMA (1650.86)
CIT,Citizen Investment Trust,Investment,2024-03-29,2024-04-01,1662.25,1643.9,-1.1,1,False,Close below 20 EMA (1651.18)
CIT,Citizen Investment Trust,Investment,2024-04-26,2024-05-07,1635.71,1625.56,-0.62,6,False,Close below 20 EMA (1639.95)
CIT,Citizen Investment Trust,Investment,2024-05-14,2024-05-21,1638.05,1691.14,3.24,5,False,RSI overbought (72.5 >= 70)
CIT,Citizen Investment Trust,Investment,2024-06-10,2024-06-17,1661.63,1659.13,-0.15,5,False,Close below 20 EMA (1662.99)
CIT,Citizen Investment Trust,Investment,2024-10-02,2024-10-03,1950.15,1931.47,-0.96,1,False,Close below 20 EMA (1971.58)
CIT,Citizen Investment Trust,Investment,2024-11-11,2024-11-15,1980.42,1964.4,-0.81,4,False,Close below 20 EMA (1964.64)
CIT,Citizen Investment Trust,Investment,2025-01-02,2025-01-03,1869.07,1868.36,-0.04,1,False,Close below 20 EMA (1892.49)
CIT,Citizen Investment Trust,Investment,2025-01-06,2025-01-16,1878.06,1891.52,0.72,7,False,Close below 20 EMA (1898.04)
CIT,Citizen Investment Trust,Investment,2025-02-11,2025-02-12,1872.48,1873.33,0.05,1,False,Close below 20 EMA (1887.31)
CITY,City Hotel Limited,Hotels And Tourism,2024-05-01,2024-05-06,375.0,365.56,-2.52,2,False,Close below 20 EMA (371.19)
CITY,City Hotel Limited,Hotels And Tourism,2024-05-20,2024-05-27,377.78,416.67,10.29,4,False,RSI overbought (71.2 >= 70)
CITY,City Hotel Limited,Hotels And Tourism,2024-10-02,2024-10-21,515.0,505.56,-1.83,9,False,Close below 20 EMA (511.36)
CITY,City Hotel Limited,Hotels And Tourism,2024-10-30,2024-12-09,516.78,547.22,5.89,23,False,Close below 20 EMA (555.04)
CITY,City Hotel Limited,Hotels And Tourism,2025-03-13,2025-03-17,540.33,536.11,-0.78,1,False,Close below 20 EMA (547.02)
CITY,City Hotel Limited,Hotels And Tourism,2025-04-16,2025-04-17,521.07,518.87,-0.42,1,False,Close below 20 EMA (520.94)
CITY,City Hotel Limited,Hotels And Tourism,2025-04-18,2025-04-21,523.76,518.33,-1.04,1,False,Close below 20 EMA (520.94)
CITY,City Hotel Limited,Hotels And Tourism,2025-04-23,2025-04-25,528.16,512.87,-2.89,2,False,Close below 20 EMA (520.57)
CITY,City Hotel Limited,Hotels And Tourism,2025-04-29,2025-04-30,516.37,511.47,-0.95,1,False,Close below 20 EMA (518.61)
CITY,City Hotel Limited,Hotels And Tourism,2025-05-05,2025-05-06,510.51,510.33,-0.04,1,False,Close below 20 EMA (516.40)
CITY,City Hotel Limited,Hotels And Tourism,2025-05-08,2025-05-09,515.28,511.03,-0.82,1,False,Close below 20 EMA (514.87)
CITY,City Hotel Limited,Hotels And Tourism,2025-09-22,2025-09-24,587.73,590.0,0.39,1,False,Close below 20 EMA (591.07)
CITY,City Hotel Limited,Hotels And Tourism,2025-11-13,2025-11-17,547.2,539.0,-1.5,2,False,Close below 20 EMA (540.71)
CKHL,Chirkhwa Hydropower Limited,Hydro Power,2025-04-16,2025-04-23,715.24,721.22,0.84,5,False,Close below 20 EMA (728.07)
CKHL,Chirkhwa Hydropower Limited,Hydro Power,2026-04-07,2026-04-08,694.6,668.0,-3.83,1,False,Close below 20 EMA (697.51); Close below 200 EMA (674.98)
CKHL,Chirkhwa Hydropower Limited,Hydro Power,2026-04-23,2026-04-24,683.5,675.1,-1.23,1,False,Close below 20 EMA (692.94); Close below 200 EMA (676.84)
CKHL,Chirkhwa Hydropower Limited,Hydro Power,2026-04-28,2026-05-06,702.2,694.0,-1.17,5,False,Close below 20 EMA (694.58)
CKHL,Chirkhwa Hydropower Limited,Hydro Power,2026-05-07,2026-05-08,689.0,683.0,-0.87,1,False,Close below 20 EMA (692.99)
CLI,Citizen Life Insurance Company Limited,Life Insurance,2025-01-01,2025-01-02,533.29,531.64,-0.31,1,False,Close below 20 EMA (535.79)
CLI,Citizen Life Insurance Company Limited,Life Insurance,2025-04-18,2025-04-21,503.61,499.57,-0.8,1,False,Close below 20 EMA (509.97); Close below 200 EMA (503.51)
CLI,Citizen Life Insurance Company Limited,Life Insurance,2026-01-26,2026-01-28,482.0,479.8,-0.46,2,False,Close below 200 EMA (481.29)
CORBL,Corporate Development Bank Limited,Development Bank Limited,2023-09-05,2023-09-06,322.0,319.0,-0.93,1,False,Close below 20 EMA (324.87); Close below 200 EMA (319.27)
CORBL,Corporate Development Bank Limited,Development Bank Limited,2023-09-14,2023-09-18,327.0,314.1,-3.94,1,False,Close below 20 EMA (322.13); Close below 200 EMA (319.24)
CORBL,Corporate Development Bank Limited,Development Bank Limited,2023-09-20,2023-10-02,325.4,325.1,-0.09,6,False,Close below 20 EMA (326.16)
CORBL,Corporate Development Bank Limited,Development Bank Limited,2023-10-10,2023-10-11,327.5,321.0,-1.98,1,False,Close below 20 EMA (325.76)
CORBL,Corporate Development Bank Limited,Development Bank Limited,2023-11-08,2023-11-09,324.7,304.0,-6.38,1,False,Close below 20 EMA (318.53); Close below 200 EMA (319.98)
CORBL,Corporate Development Bank Limited,Development Bank Limited,2024-02-05,2024-02-09,371.0,440.0,18.6,4,False,RSI overbought (71.3 >= 70)
CORBL,Corporate Development Bank Limited,Development Bank Limited,2024-04-08,2024-04-11,438.9,431.7,-1.64,2,False,Close below 20 EMA (433.97)
CORBL,Corporate Development Bank Limited,Development Bank Limited,2024-04-29,2024-05-01,430.0,486.2,13.07,2,False,RSI overbought (71.8 >= 70)
CORBL,Corporate Development Bank Limited,Development Bank Limited,2025-03-12,2025-03-13,1995.0,1909.0,-4.31,1,False,Close below 20 EMA (1991.76)
CORBL,Corporate Development Bank Limited,Development Bank Limited,2025-04-03,2025-04-04,1841.91,1787.96,-2.93,1,False,Close below 20 EMA (1862.76)
CORBL,Corporate Development Bank Limited,Development Bank Limited,2025-04-14,2025-04-17,1815.84,2197.1,21.0,2,False,RSI overbought (72.9 >= 70)
CORBL,Corporate Development Bank Limited,Development Bank Limited,2025-06-30,2025-07-02,2366.39,2282.45,-3.55,2,False,Close below 20 EMA (2307.59)
CORBL,Corporate Development Bank Limited,Development Bank Limited,2025-07-17,2025-07-21,2476.78,2350.61,-5.09,2,False,Close below 20 EMA (2378.32)
CORBL,Corporate Development Bank Limited,Development Bank Limited,2025-08-01,2025-08-04,2230.94,2175.21,-2.5,1,False,Close below 20 EMA (2207.74)
CORBL,Corporate Development Bank Limited,Development Bank Limited,2025-10-13,2025-10-14,1900.0,1800.0,-5.26,1,False,Close below 20 EMA (1910.36); Close below 200 EMA (1877.82)
CREST,Crest Micro Life Insurance Ltd.,Life Insurance,2026-07-04,2026-07-07,1244.9,1214.9,-2.41,1,False,Close below 20 EMA (1233.04); Close below 200 EMA (1219.53)
CREST,Crest Micro Life Insurance Ltd.,Life Insurance,2026-07-21,2026-07-24,1219.8,1201.0,-1.54,3,False,Close below 20 EMA (1212.21); Close below 200 EMA (1217.36)
CREST,Crest Micro Life Insurance Ltd.,Life Insurance,2026-07-25,2026-07-28,1228.9,1200.3,-2.33,1,False,Close below 20 EMA (1212.52); Close below 200 EMA (1217.31)
CYCL,CYC Nepal Laghubitta Bittiya Sanstha Limited,Microfinance,2024-02-23,2024-02-26,1142.4,1102.0,-3.54,1,False,Close below 20 EMA (1121.65)
CYCL,CYC Nepal Laghubitta Bittiya Sanstha Limited,Microfinance,2024-06-27,2024-06-28,1500.0,1475.1,-1.66,1,False,Close below 20 EMA (1506.48)
CYCL,CYC Nepal Laghubitta Bittiya Sanstha Limited,Microfinance,2024-07-05,2024-07-10,1525.0,1669.1,9.45,3,False,RSI overbought (71.6 >= 70)
CYCL,CYC Nepal Laghubitta Bittiya Sanstha Limited,Microfinance,2024-08-07,2024-08-08,1540.0,1564.0,1.56,1,False,Close below 20 EMA (1570.63)
CYCL,CYC Nepal Laghubitta Bittiya Sanstha Limited,Microfinance,2024-08-12,2024-08-14,1590.0,1570.0,-1.26,2,False,Close below 20 EMA (1574.06)
CYCL,CYC Nepal Laghubitta Bittiya Sanstha Limited,Microfinance,2024-08-19,2024-08-22,1542.0,1535.0,-0.45,1,False,Close below 20 EMA (1561.98)
CYCL,CYC Nepal Laghubitta Bittiya Sanstha Limited,Microfinance,2024-08-26,2024-08-28,1545.5,1516.0,-1.91,1,False,Close below 20 EMA (1551.35)
CYCL,CYC Nepal Laghubitta Bittiya Sanstha Limited,Microfinance,2024-09-06,2024-09-11,1555.0,1505.0,-3.22,3,False,Close below 20 EMA (1530.30)
CYCL,CYC Nepal Laghubitta Bittiya Sanstha Limited,Microfinance,2024-09-12,2024-09-16,1545.0,1514.0,-2.01,2,False,Close below 20 EMA (1534.09)
CYCL,CYC Nepal Laghubitta Bittiya Sanstha Limited,Microfinance,2024-12-17,2024-12-18,1650.0,1626.0,-1.45,1,False,Close below 20 EMA (1674.78)
CYCL,CYC Nepal Laghubitta Bittiya Sanstha Limited,Microfinance,2024-12-30,2025-01-02,1650.0,1624.9,-1.52,2,False,Close below 20 EMA (1642.26)
CYCL,CYC Nepal Laghubitta Bittiya Sanstha Limited,Microfinance,2025-01-10,2025-01-13,1589.9,1581.9,-0.5,1,False,Close below 20 EMA (1611.47)
CYCL,CYC Nepal Laghubitta Bittiya Sanstha Limited,Microfinance,2025-01-27,2025-02-03,1552.1,1760.0,13.39,3,False,RSI overbought (70.8 >= 70)
CYCL,CYC Nepal Laghubitta Bittiya Sanstha Limited,Microfinance,2025-04-18,2025-04-24,1625.68,1606.27,-1.19,4,False,Close below 20 EMA (1624.58)
CYCL,CYC Nepal Laghubitta Bittiya Sanstha Limited,Microfinance,2025-04-25,2025-04-30,1592.67,1586.48,-0.39,3,False,Close below 20 EMA (1618.81)
CYCL,CYC Nepal Laghubitta Bittiya Sanstha Limited,Microfinance,2025-05-01,2025-05-05,1610.37,1573.18,-2.31,1,False,Close below 20 EMA (1613.74); Close below 200 EMA (1585.76)
CYCL,CYC Nepal Laghubitta Bittiya Sanstha Limited,Microfinance,2025-05-07,2025-05-14,1613.2,1607.72,-0.34,4,False,Close below 20 EMA (1618.63)
CYCL,CYC Nepal Laghubitta Bittiya Sanstha Limited,Microfinance,2025-05-19,2025-05-22,1619.02,1611.04,-0.49,3,False,Close below 20 EMA (1616.57)
CYCL,CYC Nepal Laghubitta Bittiya Sanstha Limited,Microfinance,2025-06-10,2025-06-13,1671.76,1627.52,-2.65,3,False,Close below 20 EMA (1647.33)
CYCL,CYC Nepal Laghubitta Bittiya Sanstha Limited,Microfinance,2025-06-16,2025-06-19,1618.94,1625.26,0.39,3,False,Close below 20 EMA (1643.52)
CZBIL,Citizen Bank International Limited,Commercial Banks,2024-10-02,2024-10-18,219.78,247.62,12.67,8,False,RSI overbought (70.7 >= 70)
CZBIL,Citizen Bank International Limited,Commercial Banks,2024-11-12,2024-11-14,230.48,224.76,-2.48,2,False,Close below 20 EMA (227.10)
CZBIL,Citizen Bank International Limited,Commercial Banks,2024-11-28,2024-11-29,225.71,220.95,-2.11,1,False,Close below 20 EMA (223.18)
CZBIL,Citizen Bank International Limited,Commercial Banks,2024-12-27,2025-01-01,213.24,208.67,-2.14,2,False,Close below 20 EMA (211.07)
CZBIL,Citizen Bank International Limited,Commercial Banks,2025-02-03,2025-02-06,200.1,200.38,0.14,3,False,Close below 20 EMA (200.63)
CZBIL,Citizen Bank International Limited,Commercial Banks,2025-04-11,2025-04-14,200.25,200.0,-0.12,1,False,Close below 20 EMA (201.49)
CZBIL,Citizen Bank International Limited,Commercial Banks,2026-05-09,2026-05-13,207.5,205.8,-0.82,2,False,Close below 20 EMA (206.85)
CZBIL,Citizen Bank International Limited,Commercial Banks,2026-05-26,2026-05-27,208.4,204.0,-2.11,1,False,Close below 20 EMA (205.82)
CZBIL,Citizen Bank International Limited,Commercial Banks,2026-05-28,2026-06-02,206.0,202.4,-1.75,1,False,Close below 20 EMA (205.51); Close below 200 EMA (202.55)
CZBIL,Citizen Bank International Limited,Commercial Banks,2026-06-09,2026-06-10,203.0,202.0,-0.49,1,False,Close below 20 EMA (204.42); Close below 200 EMA (202.59)
CZBIL,Citizen Bank International Limited,Commercial Banks,2026-08-12,2026-08-15,202.8,202.7,-0.05,3,False,Close below 20 EMA (203.49)
DDBL,Deprosc Laghubitta Bittiya Sanstha Limited,Microfinance,2024-09-09,2024-09-10,835.2,812.78,-2.68,1,False,Close below 20 EMA (833.97)
DDBL,Deprosc Laghubitta Bittiya Sanstha Limited,Microfinance,2024-10-29,2024-11-06,769.62,759.65,-1.3,3,False,Close below 20 EMA (769.75)
DDBL,Deprosc Laghubitta Bittiya Sanstha Limited,Microfinance,2024-11-11,2024-11-14,760.06,763.8,0.49,3,False,Close below 20 EMA (769.42)
DDBL,Deprosc Laghubitta Bittiya Sanstha Limited,Microfinance,2024-11-15,2024-11-20,765.46,766.29,0.11,2,False,Close below 20 EMA (769.13)
DDBL,Deprosc Laghubitta Bittiya Sanstha Limited,Microfinance,2024-12-03,2024-12-04,755.5,742.22,-1.76,1,False,Close below 20 EMA (756.60)
DDBL,Deprosc Laghubitta Bittiya Sanstha Limited,Microfinance,2025-01-09,2025-01-10,722.82,711.82,-1.52,1,False,Close below 20 EMA (721.03)
DDBL,Deprosc Laghubitta Bittiya Sanstha Limited,Microfinance,2025-01-16,2025-01-17,712.73,708.09,-0.65,1,False,Close below 20 EMA (717.67); Close below 200 EMA (710.87)
DDBL,Deprosc Laghubitta Bittiya Sanstha Limited,Microfinance,2025-04-17,2025-04-25,720.73,714.45,-0.87,6,False,Close below 20 EMA (716.06); Close below 200 EMA (716.80)
DDBL,Deprosc Laghubitta Bittiya Sanstha Limited,Microfinance,2025-06-30,2025-07-14,726.35,794.24,9.35,10,False,RSI overbought (77.2 >= 70)
DDBL,Deprosc Laghubitta Bittiya Sanstha Limited,Microfinance,2025-11-03,2025-11-10,774.55,756.36,-2.35,5,False,Close below 20 EMA (763.41); Close below 200 EMA (757.17)
DDBL,Deprosc Laghubitta Bittiya Sanstha Limited,Microfinance,2025-11-11,2025-11-14,769.09,763.64,-0.71,3,False,Close below 20 EMA (764.82)
DDBL,Deprosc Laghubitta Bittiya Sanstha Limited,Microfinance,2026-05-07,2026-06-03,841.0,847.1,0.73,17,False,Close below 20 EMA (848.87)
DDBL,Deprosc Laghubitta Bittiya Sanstha Limited,Microfinance,2026-06-09,2026-06-10,846.2,841.6,-0.54,1,False,Close below 20 EMA (848.05)
DDBL,Deprosc Laghubitta Bittiya Sanstha Limited,Microfinance,2026-06-20,2026-06-24,836.0,839.2,0.38,2,False,Close below 20 EMA (840.92)
DDBL,Deprosc Laghubitta Bittiya Sanstha Limited,Microfinance,2026-07-02,2026-07-03,830.0,822.2,-0.94,1,False,Close below 20 EMA (833.47)
DDBL,Deprosc Laghubitta Bittiya Sanstha Limited,Microfinance,2026-08-04,2026-08-06,835.0,831.0,-0.48,2,False,Close below 20 EMA (837.00)
DDBL,Deprosc Laghubitta Bittiya Sanstha Limited,Microfinance,2026-08-11,2026-08-19,840.0,841.0,0.12,6,False,Close below 20 EMA (841.54)
DHPL,Dibyashwori Hydropower Ltd.,Hydro Power,2023-03-10,2023-03-13,230.1,229.9,-0.09,1,False,Close below 20 EMA (231.16)
DHPL,Dibyashwori Hydropower Ltd.,Hydro Power,2023-04-13,2023-04-14,227.0,218.0,-3.96,1,False,Close below 20 EMA (220.32); Close below 200 EMA (219.19)
DHPL,Dibyashwori Hydropower Ltd.,Hydro Power,2024-03-20,2024-03-21,202.5,201.0,-0.74,1,False,Close below 20 EMA (202.26)
DHPL,Dibyashwori Hydropower Ltd.,Hydro Power,2024-04-11,2024-04-15,194.0,193.0,-0.52,1,False,Close below 20 EMA (196.29)
DHPL,Dibyashwori Hydropower Ltd.,Hydro Power,2024-04-16,2024-04-26,198.0,196.0,-1.01,6,False,Close below 20 EMA (198.31)
DHPL,Dibyashwori Hydropower Ltd.,Hydro Power,2024-04-30,2024-05-06,200.5,199.3,-0.6,3,False,Close below 20 EMA (200.20)
DHPL,Dibyashwori Hydropower Ltd.,Hydro Power,2024-06-11,2024-06-19,193.2,220.2,13.98,5,False,RSI overbought (70.5 >= 70)
DHPL,Dibyashwori Hydropower Ltd.,Hydro Power,2024-09-04,2024-09-05,265.0,256.0,-3.4,1,False,Close below 20 EMA (259.19)
DHPL,Dibyashwori Hydropower Ltd.,Hydro Power,2024-10-08,2024-10-22,246.0,237.6,-3.41,7,False,Close below 20 EMA (244.85)
DHPL,Dibyashwori Hydropower Ltd.,Hydro Power,2025-01-07,2025-01-27,306.0,308.0,0.65,13,False,Close below 20 EMA (309.18)
DHPL,Dibyashwori Hydropower Ltd.,Hydro Power,2025-05-08,2025-05-16,354.63,355.05,0.12,5,False,Close below 20 EMA (361.54)
DHPL,Dibyashwori Hydropower Ltd.,Hydro Power,2025-05-21,2025-05-23,359.36,347.39,-3.33,2,False,Close below 20 EMA (357.13)
DHPL,Dibyashwori Hydropower Ltd.,Hydro Power,2025-05-28,2025-05-29,354.04,340.18,-3.91,1,False,Close below 20 EMA (352.42)
DHPL,Dibyashwori Hydropower Ltd.,Hydro Power,2025-06-20,2025-06-23,337.17,324.39,-3.79,1,False,Close below 20 EMA (332.13)
DHPL,Dibyashwori Hydropower Ltd.,Hydro Power,2025-07-16,2025-07-17,322.61,323.83,0.38,1,False,Close below 20 EMA (326.18)
DHPL,Dibyashwori Hydropower Ltd.,Hydro Power,2025-08-21,2025-08-25,325.41,311.74,-4.2,2,False,Close below 20 EMA (319.85); Close below 200 EMA (319.08)
DLBS,Dhaulagiri Laghubitta Bittiya Sanstha Limited,Microfinance,2024-02-14,2024-02-16,802.2,801.0,-0.15,2,False,Close below 20 EMA (812.84)
DLBS,Dhaulagiri Laghubitta Bittiya Sanstha Limited,Microfinance,2024-02-26,2024-02-27,817.0,790.0,-3.3,1,False,Close below 20 EMA (799.38)
DLBS,Dhaulagiri Laghubitta Bittiya Sanstha Limited,Microfinance,2024-06-26,2024-07-01,1279.0,1236.0,-3.36,3,False,Close below 20 EMA (1253.03)
DLBS,Dhaulagiri Laghubitta Bittiya Sanstha Limited,Microfinance,2024-10-24,2024-10-28,1374.0,1361.0,-0.95,2,False,Close below 20 EMA (1364.05)
DLBS,Dhaulagiri Laghubitta Bittiya Sanstha Limited,Microfinance,2025-03-28,2025-03-31,1615.77,1596.64,-1.18,1,False,Close below 20 EMA (1632.17)
DOLTI,Dolti Power Company Limited,Hydro Power,2024-05-23,2024-05-27,414.0,409.0,-1.21,1,False,Close below 20 EMA (424.35)
DOLTI,Dolti Power Company Limited,Hydro Power,2024-06-03,2024-06-06,435.0,422.0,-2.99,3,False,Close below 20 EMA (424.13)
DOLTI,Dolti Power Company Limited,Hydro Power,2024-07-02,2024-07-09,427.9,423.0,-1.15,5,False,Close below 20 EMA (423.69)
DOLTI,Dolti Power Company Limited,Hydro Power,2024-10-08,2024-10-21,544.0,530.0,-2.57,6,False,Close below 20 EMA (533.31)
DOLTI,Dolti Power Company Limited,Hydro Power,2025-03-10,2025-03-11,749.0,736.0,-1.74,1,False,Close below 20 EMA (752.65)
DORDI,Dordi Khola Jal Bidyut Company Limited,Hydro Power,2024-03-21,2024-04-01,276.5,270.0,-2.35,6,False,Close below 20 EMA (274.79)
DORDI,Dordi Khola Jal Bidyut Company Limited,Hydro Power,2024-05-15,2024-05-16,256.0,253.0,-1.17,1,False,Close below 20 EMA (255.65)
DORDI,Dordi Khola Jal Bidyut Company Limited,Hydro Power,2024-05-17,2024-05-20,251.5,251.0,-0.2,1,False,Close below 20 EMA (254.85)
DORDI,Dordi Khola Jal Bidyut Company Limited,Hydro Power,2024-05-21,2024-05-27,257.5,256.05,-0.56,3,False,Close below 20 EMA (256.63)
DORDI,Dordi Khola Jal Bidyut Company Limited,Hydro Power,2024-09-17,2024-09-19,284.7,279.25,-1.91,1,False,Close below 20 EMA (285.18)
DORDI,Dordi Khola Jal Bidyut Company Limited,Hydro Power,2024-10-02,2024-10-03,270.0,262.5,-2.78,1,False,Close below 20 EMA (271.12)
DORDI,Dordi Khola Jal Bidyut Company Limited,Hydro Power,2025-04-22,2025-04-23,369.8,366.91,-0.78,1,False,Close below 20 EMA (371.72)
DORDI,Dordi Khola Jal Bidyut Company Limited,Hydro Power,2025-05-06,2025-05-08,364.71,423.74,16.19,2,False,RSI overbought (73.6 >= 70)
EBL,Everest Bank Limited,Commercial Banks,2023-02-27,2023-02-28,399.19,399.19,0.0,1,False,Close below 20 EMA (403.53)
EBL,Everest Bank Limited,Commercial Banks,2023-03-15,2023-03-16,399.1,393.65,-1.37,1,False,Close below 20 EMA (398.89)
EBL,Everest Bank Limited,Commercial Banks,2023-09-11,2023-09-18,470.14,456.96,-2.8,4,False,Close below 20 EMA (472.67)
EBL,Everest Bank Limited,Commercial Banks,2024-12-27,2024-12-30,551.79,550.0,-0.32,1,False,Close below 20 EMA (558.18)
EBL,Everest Bank Limited,Commercial Banks,2025-01-07,2025-01-08,549.43,553.68,0.77,1,False,Close below 20 EMA (553.94)
EBL,Everest Bank Limited,Commercial Banks,2025-01-09,2025-01-13,557.36,551.89,-0.98,2,False,Close below 20 EMA (554.49)
EBL,Everest Bank Limited,Commercial Banks,2025-04-09,2025-04-10,571.79,572.25,0.08,1,False,Close below 20 EMA (573.61)
EBL,Everest Bank Limited,Commercial Banks,2025-05-05,2025-05-06,580.4,579.86,-0.09,1,False,Close below 20 EMA (581.00)
EBL,Everest Bank Limited,Commercial Banks,2026-06-26,2026-06-27,699.0,700.0,0.14,1,False,Close below 20 EMA (700.73)
EDBL,Excel Development Bank Ltd.,Development Bank Limited,2024-04-29,2024-05-31,362.7,380.0,4.77,21,False,Close below 20 EMA (383.17)
EDBL,Excel Development Bank Ltd.,Development Bank Limited,2024-06-24,2024-06-25,378.9,380.0,0.29,1,False,Close below 20 EMA (380.91)
EDBL,Excel Development Bank Ltd.,Development Bank Limited,2024-11-21,2024-11-22,669.0,655.0,-2.09,1,False,Close below 20 EMA (662.25)
EDBL,Excel Development Bank Ltd.,Development Bank Limited,2024-11-28,2024-12-09,669.9,680.0,1.51,7,False,Close below 20 EMA (680.57)
EDBL,Excel Development Bank Ltd.,Development Bank Limited,2025-01-09,2025-01-10,627.0,608.0,-3.03,1,False,Close below 20 EMA (611.98)
EDBL,Excel Development Bank Ltd.,Development Bank Limited,2025-01-16,2025-01-17,599.7,587.1,-2.1,1,False,Close below 20 EMA (604.91)
EDBL,Excel Development Bank Ltd.,Development Bank Limited,2025-04-16,2025-04-21,636.61,632.54,-0.64,3,False,Close below 20 EMA (644.57)
EDBL,Excel Development Bank Ltd.,Development Bank Limited,2025-05-14,2025-05-16,602.32,596.1,-1.03,2,False,Close below 20 EMA (603.73); Close below 200 EMA (600.49)
EDBL,Excel Development Bank Ltd.,Development Bank Limited,2025-09-25,2025-09-26,634.0,615.0,-3.0,1,False,Close below 20 EMA (622.85)
EHPL,Eastern Hydropower Limited,Hydro Power,2024-04-16,2024-04-19,449.0,438.8,-2.27,2,False,Close below 20 EMA (443.99)
EHPL,Eastern Hydropower Limited,Hydro Power,2024-05-13,2024-05-15,462.0,450.0,-2.6,2,False,Close below 20 EMA (452.25)
EHPL,Eastern Hydropower Limited,Hydro Power,2024-07-10,2024-07-12,545.0,542.0,-0.55,2,False,Close below 20 EMA (544.07)
EHPL,Eastern Hydropower Limited,Hydro Power,2024-11-22,2024-11-25,799.5,784.0,-1.94,1,False,Close below 20 EMA (806.72)
EHPL,Eastern Hydropower Limited,Hydro Power,2025-01-03,2025-01-13,760.0,770.0,1.32,6,False,Close below 20 EMA (770.43)
ENL,Emerging Nepal Limited,Investment,2023-10-10,2023-10-11,862.0,825.0,-4.29,1,False,Close below 20 EMA (881.75)
ENL,Emerging Nepal Limited,Investment,2023-11-02,2023-11-03,827.0,801.0,-3.14,1,False,Close below 20 EMA (839.50)
ENL,Emerging Nepal Limited,Investment,2023-11-27,2023-12-05,806.0,798.7,-0.91,6,False,Close below 20 EMA (814.01)
ENL,Emerging Nepal Limited,Investment,2024-01-02,2024-01-05,842.0,855.0,1.54,3,False,Close below 20 EMA (858.23)
ENL,Emerging Nepal Limited,Investment,2024-02-09,2024-02-13,847.0,822.0,-2.95,2,False,Close below 20 EMA (833.33)
ENL,Emerging Nepal Limited,Investment,2024-02-15,2024-02-16,819.9,796.0,-2.91,1,False,Close below 20 EMA (827.72); Close below 200 EMA (807.02)
ENL,Emerging Nepal Limited,Investment,2024-09-10,2024-09-11,1202.0,1185.0,-1.41,1,False,Close below 20 EMA (1189.05)
ENL,Emerging Nepal Limited,Investment,2025-01-14,2025-01-20,1200.0,1205.0,0.42,3,False,Close below 20 EMA (1213.98)
ENL,Emerging Nepal Limited,Investment,2025-01-22,2025-01-27,1190.0,1193.1,0.26,3,False,Close below 20 EMA (1209.17)
ENL,Emerging Nepal Limited,Investment,2025-01-29,2025-02-04,1192.0,1190.0,-0.17,2,False,Close below 20 EMA (1205.01)
ENL,Emerging Nepal Limited,Investment,2025-02-12,2025-02-14,1210.0,1189.2,-1.72,2,False,Close below 20 EMA (1190.67)
FMDBL,First Micro Finance Laghubitta Bittiya Sanstha Limited,Microfinance,2023-08-18,2023-08-21,566.67,556.43,-1.81,1,False,Close below 20 EMA (572.81)
FMDBL,First Micro Finance Laghubitta Bittiya Sanstha Limited,Microfinance,2023-08-30,2023-08-31,556.43,554.72,-0.31,1,False,Close below 20 EMA (563.68)
FMDBL,First Micro Finance Laghubitta Bittiya Sanstha Limited,Microfinance,2023-09-12,2023-09-13,556.35,542.01,-2.58,1,False,Close below 20 EMA (553.27)
FMDBL,First Micro Finance Laghubitta Bittiya Sanstha Limited,Microfinance,2023-10-20,2023-10-30,555.58,540.22,-2.76,1,False,Close below 20 EMA (549.24)
FMDBL,First Micro Finance Laghubitta Bittiya Sanstha Limited,Microfinance,2024-03-07,2024-03-08,548.53,541.28,-1.32,1,False,Close below 20 EMA (548.65); Close below 200 EMA (543.87)
FMDBL,First Micro Finance Laghubitta Bittiya Sanstha Limited,Microfinance,2024-03-11,2024-03-28,561.47,562.29,0.15,11,False,Close below 20 EMA (562.79)
FMDBL,First Micro Finance Laghubitta Bittiya Sanstha Limited,Microfinance,2024-10-02,2024-10-21,696.33,711.01,2.11,9,False,Close below 20 EMA (712.95)
FMDBL,First Micro Finance Laghubitta Bittiya Sanstha Limited,Microfinance,2024-11-28,2024-12-02,743.12,723.21,-2.68,2,False,Close below 20 EMA (728.17)
FMDBL,First Micro Finance Laghubitta Bittiya Sanstha Limited,Microfinance,2024-12-05,2025-01-01,737.61,739.0,0.19,16,False,Close below 20 EMA (752.25)
FMDBL,First Micro Finance Laghubitta Bittiya Sanstha Limited,Microfinance,2025-01-09,2025-01-10,752.0,740.0,-1.6,1,False,Close below 20 EMA (745.52)
FMDBL,First Micro Finance Laghubitta Bittiya Sanstha Limited,Microfinance,2025-01-28,2025-01-29,721.0,724.0,0.42,1,False,Close below 20 EMA (730.75)
FMDBL,First Micro Finance Laghubitta Bittiya Sanstha Limited,Microfinance,2025-05-07,2025-05-12,750.27,747.28,-0.4,3,False,Close below 20 EMA (751.23)
FMDBL,First Micro Finance Laghubitta Bittiya Sanstha Limited,Microfinance,2025-05-19,2025-05-29,744.56,751.53,0.94,8,False,Close below 20 EMA (753.84)
FMDBL,First Micro Finance Laghubitta Bittiya Sanstha Limited,Microfinance,2025-06-09,2025-06-10,739.58,737.59,-0.27,1,False,Close below 20 EMA (747.68)
FMDBL,First Micro Finance Laghubitta Bittiya Sanstha Limited,Microfinance,2025-06-13,2025-06-16,743.36,741.93,-0.19,1,False,Close below 20 EMA (745.61)
FMDBL,First Micro Finance Laghubitta Bittiya Sanstha Limited,Microfinance,2025-08-28,2025-08-29,897.97,888.49,-1.06,1,False,Close below 20 EMA (891.11)
FMDBL,First Micro Finance Laghubitta Bittiya Sanstha Limited,Microfinance,2025-09-24,2025-09-25,865.0,838.0,-3.12,1,False,Close below 20 EMA (854.60)
FMDBL,First Micro Finance Laghubitta Bittiya Sanstha Limited,Microfinance,2025-10-29,2025-11-10,837.9,826.0,-1.42,8,False,Close below 20 EMA (843.36)
FOWAD,Forward Microfinance Laghubitta Bittiya Sanstha Ltd.,Microfinance,2024-10-30,2024-12-09,1315.09,1320.0,0.37,23,False,Close below 20 EMA (1334.01)
FOWAD,Forward Microfinance Laghubitta Bittiya Sanstha Ltd.,Microfinance,2025-01-08,2025-01-10,1254.0,1262.3,0.66,2,False,Close below 20 EMA (1263.97)
FOWAD,Forward Microfinance Laghubitta Bittiya Sanstha Ltd.,Microfinance,2025-01-29,2025-02-14,1236.0,1261.1,2.03,10,False,Close below 20 EMA (1268.56)
FOWAD,Forward Microfinance Laghubitta Bittiya Sanstha Ltd.,Microfinance,2025-02-17,2025-02-24,1258.3,1268.0,0.77,4,False,Close below 20 EMA (1269.96)
FOWAD,Forward Microfinance Laghubitta Bittiya Sanstha Ltd.,Microfinance,2025-02-25,2025-02-26,1256.3,1253.6,-0.21,1,False,Close below 20 EMA (1267.22)
GBBL,Garima Bikas Bank Limited,Development Bank Limited,2023-02-24,2023-02-27,313.6,314.38,0.25,1,False,Close below 20 EMA (315.00)
GBBL,Garima Bikas Bank Limited,Development Bank Limited,2023-03-28,2023-03-29,310.16,305.93,-1.36,1,False,Close below 20 EMA (308.24)
GBBL,Garima Bikas Bank Limited,Development Bank Limited,2023-04-12,2023-04-18,305.85,306.71,0.28,4,False,Close below 20 EMA (307.61)
GBBL,Garima Bikas Bank Limited,Development Bank Limited,2023-06-08,2023-06-09,305.85,305.08,-0.25,1,False,Close below 200 EMA (305.17)
GBBL,Garima Bikas Bank Limited,Development Bank Limited,2023-09-14,2023-09-18,329.11,323.34,-1.75,1,False,Close below 20 EMA (325.12)
GBBL,Garima Bikas Bank Limited,Development Bank Limited,2023-12-01,2023-12-04,318.77,314.64,-1.3,1,False,Close below 20 EMA (318.78); Close below 200 EMA (318.18)
GBBL,Garima Bikas Bank Limited,Development Bank Limited,2024-02-15,2024-02-19,358.49,349.91,-2.39,2,False,Close below 20 EMA (356.99)
GBBL,Garima Bikas Bank Limited,Development Bank Limited,2024-03-27,2024-03-28,353.77,349.06,-1.33,1,False,Close below 20 EMA (349.83)
GBBL,Garima Bikas Bank Limited,Development Bank Limited,2024-04-08,2024-04-15,345.47,345.19,-0.08,3,False,Close below 20 EMA (346.48)
GBBL,Garima Bikas Bank Limited,Development Bank Limited,2024-04-30,2024-05-06,344.34,343.4,-0.27,3,False,Close below 20 EMA (344.91)
GBBL,Garima Bikas Bank Limited,Development Bank Limited,2024-06-05,2024-06-06,343.4,343.4,0.0,1,False,Close below 20 EMA (344.72)
GBBL,Garima Bikas Bank Limited,Development Bank Limited,2024-07-03,2024-07-11,343.4,363.21,5.77,6,False,RSI overbought (70.2 >= 70)
GBBL,Garima Bikas Bank Limited,Development Bank Limited,2024-11-28,2024-12-04,432.08,428.49,-0.83,4,False,Close below 20 EMA (429.52)
GBBL,Garima Bikas Bank Limited,Development Bank Limited,2025-09-22,2025-09-25,398.69,402.83,1.04,2,False,Close below 20 EMA (403.24)
GBBL,Garima Bikas Bank Limited,Development Bank Limited,2026-03-31,2026-04-02,414.9,405.0,-2.39,2,False,Close below 20 EMA (417.99)
GBBL,Garima Bikas Bank Limited,Development Bank Limited,2026-07-08,2026-07-09,405.0,405.0,0.0,1,False,Close below 20 EMA (406.56)
GBIME,Global IME Bank Limited,Commercial Banks,2024-10-02,2024-10-25,236.87,239.81,1.24,13,False,Close below 20 EMA (239.96)
GBIME,Global IME Bank Limited,Commercial Banks,2024-12-27,2025-01-01,233.0,227.0,-2.58,2,False,Close below 20 EMA (228.57)
GBIME,Global IME Bank Limited,Commercial Banks,2025-01-21,2025-01-22,221.0,219.0,-0.9,1,False,Close below 20 EMA (222.99)
GBIME,Global IME Bank Limited,Commercial Banks,2025-01-23,2025-01-24,223.0,219.5,-1.57,1,False,Close below 20 EMA (222.66)
GBIME,Global IME Bank Limited,Commercial Banks,2025-02-03,2025-02-05,222.0,221.5,-0.23,2,False,Close below 20 EMA (221.96)
GBIME,Global IME Bank Limited,Commercial Banks,2025-02-10,2025-02-12,219.2,218.5,-0.32,2,False,Close below 20 EMA (220.76)
GBIME,Global IME Bank Limited,Commercial Banks,2025-02-17,2025-02-24,219.3,221.0,0.78,4,False,Close below 20 EMA (221.04)
GBIME,Global IME Bank Limited,Commercial Banks,2025-04-04,2025-04-08,222.99,218.8,-1.88,1,False,Close below 20 EMA (220.75)
GBIME,Global IME Bank Limited,Commercial Banks,2025-04-18,2025-04-23,222.62,219.18,-1.55,3,False,Close below 20 EMA (220.43)
GBIME,Global IME Bank Limited,Commercial Banks,2025-05-08,2025-05-09,220.84,218.22,-1.19,1,False,Close below 200 EMA (218.49)
GBIME,Global IME Bank Limited,Commercial Banks,2025-05-20,2025-05-23,218.72,234.43,7.18,3,False,RSI overbought (73.2 >= 70)
GBIME,Global IME Bank Limited,Commercial Banks,2025-10-20,2025-10-27,240.0,239.4,-0.25,1,False,Close below 20 EMA (242.12)
GBIME,Global IME Bank Limited,Commercial Banks,2025-10-30,2025-11-03,245.5,238.0,-3.05,2,False,Close below 20 EMA (242.52)
GBIME,Global IME Bank Limited,Commercial Banks,2026-06-30,2026-07-01,239.3,238.0,-0.54,1,False,Close below 20 EMA (238.86)
GBLBS,Grameen Bikas Laghubitta Bittiya Sanstha Ltd.,Microfinance,2024-02-28,2024-02-29,544.0,535.0,-1.65,1,False,Close below 20 EMA (550.07); Close below 200 EMA (540.22)
GBLBS,Grameen Bikas Laghubitta Bittiya Sanstha Ltd.,Microfinance,2024-10-22,2024-10-23,738.0,748.0,1.36,1,False,Close below 20 EMA (750.15)
GBLBS,Grameen Bikas Laghubitta Bittiya Sanstha Ltd.,Microfinance,2024-10-25,2024-10-28,740.0,740.0,0.0,1,False,Close below 20 EMA (747.36)
GBLBS,Grameen Bikas Laghubitta Bittiya Sanstha Ltd.,Microfinance,2025-01-20,2025-02-03,772.0,887.7,14.99,8,False,RSI overbought (75.8 >= 70)
GBLBS,Grameen Bikas Laghubitta Bittiya Sanstha Ltd.,Microfinance,2025-05-08,2025-05-09,812.52,794.3,-2.24,1,False,Close below 20 EMA (804.58)
GBLBS,Grameen Bikas Laghubitta Bittiya Sanstha Ltd.,Microfinance,2025-05-19,2025-05-20,796.22,792.42,-0.48,1,False,Close below 20 EMA (796.60)
GBLBS,Grameen Bikas Laghubitta Bittiya Sanstha Ltd.,Microfinance,2025-06-18,2025-06-19,805.61,793.49,-1.5,1,False,Close below 20 EMA (795.58)
GBLBS,Grameen Bikas Laghubitta Bittiya Sanstha Ltd.,Microfinance,2025-06-30,2025-07-23,803.36,932.61,16.09,17,False,RSI overbought (75.6 >= 70)
GCIL,Ghorahi Cement Industry Limited,Manufacturing And Processing,2024-07-03,2024-07-04,434.55,430.91,-0.84,1,False,Close below 20 EMA (433.83)
GCIL,Ghorahi Cement Industry Limited,Manufacturing And Processing,2024-07-05,2024-07-18,433.64,485.45,11.95,9,False,RSI overbought (73.3 >= 70)
GCIL,Ghorahi Cement Industry Limited,Manufacturing And Processing,2024-10-01,2024-10-09,471.0,455.45,-3.3,5,False,Close below 20 EMA (459.93)
GCIL,Ghorahi Cement Industry Limited,Manufacturing And Processing,2024-11-11,2024-11-18,468.18,450.91,-3.69,5,False,Close below 20 EMA (459.70); Close below 200 EMA (454.38)
GCIL,Ghorahi Cement Industry Limited,Manufacturing And Processing,2025-01-21,2025-02-07,452.82,455.27,0.54,11,False,Close below 20 EMA (455.65)
GCIL,Ghorahi Cement Industry Limited,Manufacturing And Processing,2025-02-19,2025-02-26,457.09,507.09,10.94,4,False,RSI overbought (75.5 >= 70)
GCIL,Ghorahi Cement Industry Limited,Manufacturing And Processing,2025-05-12,2025-05-14,470.15,465.39,-1.01,1,False,Close below 20 EMA (472.15); Close below 200 EMA (466.16)
GFCL,Goodwill Finance Co. Ltd.,Finance,2024-03-07,2024-03-08,444.0,442.0,-0.45,1,False,Close below 200 EMA (443.96)
GFCL,Goodwill Finance Co. Ltd.,Finance,2024-04-26,2024-05-06,457.0,463.9,1.51,5,False,Close below 20 EMA (464.56)
GFCL,Goodwill Finance Co. Ltd.,Finance,2024-05-20,2024-05-21,467.7,458.0,-2.07,1,False,Close below 20 EMA (462.58)
GFCL,Goodwill Finance Co. Ltd.,Finance,2024-06-03,2024-06-07,464.9,462.0,-0.62,4,False,Close below 20 EMA (463.40)
GFCL,Goodwill Finance Co. Ltd.,Finance,2024-10-03,2024-10-25,992.0,1015.0,2.32,12,False,Close below 20 EMA (1034.28)
GFCL,Goodwill Finance Co. Ltd.,Finance,2024-11-28,2024-11-29,989.9,961.0,-2.92,1,False,Close below 20 EMA (996.20)
GFCL,Goodwill Finance Co. Ltd.,Finance,2025-01-09,2025-01-13,858.8,792.0,-7.78,2,False,Close below 20 EMA (824.16)
GFCL,Goodwill Finance Co. Ltd.,Finance,2026-03-02,2026-03-30,658.0,672.0,2.13,15,False,Close below 20 EMA (677.91)
GHL,Ghalemdi Hydro Limited,Hydro Power,2023-03-10,2023-03-14,158.0,156.33,-1.06,2,False,Close below 20 EMA (156.56)
GHL,Ghalemdi Hydro Limited,Hydro Power,2023-04-05,2023-04-10,156.17,152.77,-2.18,3,False,Close below 20 EMA (155.91)
GHL,Ghalemdi Hydro Limited,Hydro Power,2024-03-14,2024-03-20,164.5,160.5,-2.43,4,False,Close below 20 EMA (161.63)
GHL,Ghalemdi Hydro Limited,Hydro Power,2024-04-10,2024-04-11,155.0,153.1,-1.23,1,False,Close below 20 EMA (154.84)
GHL,Ghalemdi Hydro Limited,Hydro Power,2024-07-03,2024-07-05,150.5,149.0,-1.0,2,False,Close below 200 EMA (150.34)
GHL,Ghalemdi Hydro Limited,Hydro Power,2024-10-02,2024-10-03,219.0,213.3,-2.6,1,False,Close below 20 EMA (213.70)
GHL,Ghalemdi Hydro Limited,Hydro Power,2025-01-07,2025-01-10,214.0,210.7,-1.54,3,False,Close below 20 EMA (210.73)
GHL,Ghalemdi Hydro Limited,Hydro Power,2025-01-23,2025-01-24,210.0,207.4,-1.24,1,False,Close below 20 EMA (207.99)
GHL,Ghalemdi Hydro Limited,Hydro Power,2025-01-28,2025-02-17,207.8,233.9,12.56,12,False,RSI overbought (72.0 >= 70)
GHL,Ghalemdi Hydro Limited,Hydro Power,2025-05-09,2025-05-12,268.6,259.99,-3.21,1,False,Close below 20 EMA (265.35)
GHL,Ghalemdi Hydro Limited,Hydro Power,2025-05-19,2025-05-22,259.67,259.4,-0.1,3,False,Close below 20 EMA (261.82)
GHL,Ghalemdi Hydro Limited,Hydro Power,2025-06-27,2025-06-30,249.64,250.05,0.16,1,False,Close below 20 EMA (252.47)
GHL,Ghalemdi Hydro Limited,Hydro Power,2025-07-17,2025-07-31,248.81,258.64,3.95,10,False,Close below 20 EMA (259.92)
GHL,Ghalemdi Hydro Limited,Hydro Power,2026-05-23,2026-06-05,242.0,236.2,-2.4,7,False,Close below 20 EMA (240.25); Close below 200 EMA (237.15)
GILB,Global IME Laghubitta Bittiya Sanstha Ltd.,Microfinance,2024-09-06,2024-09-10,1319.33,1297.28,-1.67,2,False,Close below 20 EMA (1303.21)
GILB,Global IME Laghubitta Bittiya Sanstha Ltd.,Microfinance,2024-10-31,2024-12-02,1213.37,1252.51,3.23,17,False,Close below 20 EMA (1256.63)
GILB,Global IME Laghubitta Bittiya Sanstha Ltd.,Microfinance,2025-01-09,2025-01-10,1160.86,1153.22,-0.66,1,False,Close below 200 EMA (1159.70)
GILB,Global IME Laghubitta Bittiya Sanstha Ltd.,Microfinance,2025-03-28,2025-04-02,1221.79,1203.95,-1.46,2,False,Close below 20 EMA (1219.18)
GILB,Global IME Laghubitta Bittiya Sanstha Ltd.,Microfinance,2026-04-01,2026-04-02,1195.0,1149.0,-3.85,1,False,Close below 20 EMA (1187.75); Close below 200 EMA (1184.72)
GLBSL,Gurans Laghubitta Bittiya Sanstha Limited,Microfinance,2024-08-26,2024-08-28,1446.41,1394.31,-3.6,1,False,Close below 20 EMA (1412.65)
GLBSL,Gurans Laghubitta Bittiya Sanstha Limited,Microfinance,2024-09-05,2024-09-17,1397.37,1409.63,0.88,8,False,Close below 20 EMA (1430.74)
GLBSL,Gurans Laghubitta Bittiya Sanstha Limited,Microfinance,2024-10-02,2024-10-22,1393.39,1418.82,1.83,10,False,Close below 20 EMA (1420.48)
GLBSL,Gurans Laghubitta Bittiya Sanstha Limited,Microfinance,2024-12-18,2024-12-19,1926.48,1929.1,0.14,1,False,Close below 20 EMA (1985.90)
GLBSL,Gurans Laghubitta Bittiya Sanstha Limited,Microfinance,2025-04-08,2025-04-10,2459.03,2485.84,1.09,2,False,Close below 20 EMA (2517.41)
GLBSL,Gurans Laghubitta Bittiya Sanstha Limited,Microfinance,2025-04-14,2025-04-21,2572.9,2544.28,-1.11,4,False,Close below 20 EMA (2557.73)
GLBSL,Gurans Laghubitta Bittiya Sanstha Limited,Microfinance,2025-05-05,2025-05-09,2507.66,2505.69,-0.08,4,False,Close below 20 EMA (2521.21)
GLBSL,Gurans Laghubitta Bittiya Sanstha Limited,Microfinance,2025-05-23,2025-05-27,2453.29,2331.03,-4.98,2,False,Close below 20 EMA (2444.84)
GLBSL,Gurans Laghubitta Bittiya Sanstha Limited,Microfinance,2025-07-03,2025-07-04,2197.09,1978.37,-9.95,1,False,Close below 20 EMA (2068.75); Close below 200 EMA (2061.74)
GLBSL,Gurans Laghubitta Bittiya Sanstha Limited,Microfinance,2025-08-07,2025-08-12,2075.89,2041.7,-1.65,2,False,Close below 200 EMA (2049.08)
GLBSL,Gurans Laghubitta Bittiya Sanstha Limited,Microfinance,2026-03-23,2026-03-26,1985.0,1973.0,-0.6,3,False,Close below 200 EMA (1984.38)
GLH,Greenlife Hydropower Limited,Hydro Power,2024-09-09,2024-09-16,287.0,269.0,-6.27,5,False,Close below 20 EMA (285.51)
GLH,Greenlife Hydropower Limited,Hydro Power,2024-10-30,2024-11-20,257.3,257.0,-0.12,10,False,Close below 20 EMA (257.82)
GLH,Greenlife Hydropower Limited,Hydro Power,2025-01-07,2025-01-13,250.0,245.0,-2.0,4,False,Close below 20 EMA (245.05); Close below 200 EMA (246.15)
GLH,Greenlife Hydropower Limited,Hydro Power,2025-10-10,2025-10-13,265.0,257.0,-3.02,1,False,Close below 20 EMA (262.46); Close below 200 EMA (261.28)
GLH,Greenlife Hydropower Limited,Hydro Power,2026-05-21,2026-06-02,271.0,268.0,-1.11,6,False,Close below 20 EMA (270.84)
GLH,Greenlife Hydropower Limited,Hydro Power,2026-06-03,2026-06-05,273.0,269.1,-1.43,2,False,Close below 20 EMA (270.99)
GMFBS,Ganapati Microfinance Bittiya Sanstha Ltd,Microfinance,2024-02-26,2024-02-27,830.0,830.0,0.0,1,False,Close below 20 EMA (836.36)
GMFBS,Ganapati Microfinance Bittiya Sanstha Ltd,Microfinance,2024-09-06,2024-09-17,1650.0,1600.0,-3.03,7,False,Close below 20 EMA (1663.59)
GMFBS,Ganapati Microfinance Bittiya Sanstha Ltd,Microfinance,2025-04-10,2025-04-11,1632.59,1627.23,-0.33,1,False,Close below 20 EMA (1659.71)
GMFBS,Ganapati Microfinance Bittiya Sanstha Ltd,Microfinance,2025-08-05,2025-08-12,1624.31,1645.1,1.28,4,False,Close below 20 EMA (1659.15)
GMFBS,Ganapati Microfinance Bittiya Sanstha Ltd,Microfinance,2025-08-28,2025-08-29,1639.93,1612.67,-1.66,1,False,Close below 20 EMA (1614.47)
GMFBS,Ganapati Microfinance Bittiya Sanstha Ltd,Microfinance,2025-09-22,2025-09-26,1610.0,1600.0,-0.62,3,False,Close below 20 EMA (1609.02); Close below 200 EMA (1600.11)
GMFIL,Guheshowori Merchant Bank & Finance Co. Ltd.,Finance,2023-03-08,2023-03-13,329.0,330.4,0.43,2,False,Close below 20 EMA (332.35)
GMFIL,Guheshowori Merchant Bank & Finance Co. Ltd.,Finance,2023-08-24,2023-08-25,356.3,343.9,-3.48,1,False,Close below 20 EMA (357.93)
GMFIL,Guheshowori Merchant Bank & Finance Co. Ltd.,Finance,2023-09-12,2023-09-13,352.0,339.0,-3.69,1,False,Close below 20 EMA (345.20)
GMFIL,Guheshowori Merchant Bank & Finance Co. Ltd.,Finance,2024-02-21,2024-02-22,357.7,358.0,0.08,1,False,Close below 20 EMA (358.49)
GMFIL,Guheshowori Merchant Bank & Finance Co. Ltd.,Finance,2024-02-26,2024-02-27,355.0,356.8,0.51,1,False,Close below 20 EMA (357.45)
GMFIL,Guheshowori Merchant Bank & Finance Co. Ltd.,Finance,2024-10-02,2024-11-14,568.7,716.9,26.06,23,False,RSI overbought (71.9 >= 70)
GMFIL,Guheshowori Merchant Bank & Finance Co. Ltd.,Finance,2025-01-09,2025-01-13,576.0,540.0,-6.25,2,False,Close below 20 EMA (567.02)
GMLI,Guardian Micro-Life Insurance Limited,Life Insurance,2026-01-21,2026-01-26,1758.0,1929.9,9.78,3,False,RSI overbought (74.8 >= 70)
GRDBL,Green Development Bank Ltd.,Development Bank Limited,2023-02-27,2023-03-01,235.17,224.3,-4.62,2,False,Close below 20 EMA (228.05)
GRDBL,Green Development Bank Ltd.,Development Bank Limited,2023-03-15,2023-03-17,225.57,223.46,-0.94,2,False,Close below 20 EMA (224.26)
GRDBL,Green Development Bank Ltd.,Development Bank Limited,2023-04-13,2023-04-14,222.61,215.27,-3.3,1,False,Close below 200 EMA (220.03)
GRDBL,Green Development Bank Ltd.,Development Bank Limited,2023-10-09,2023-10-12,263.09,258.19,-1.86,3,False,Close below 20 EMA (266.21)
GRDBL,Green Development Bank Ltd.,Development Bank Limited,2025-01-03,2025-01-09,873.6,1098.45,25.74,4,False,RSI overbought (72.5 >= 70)
GRDBL,Green Development Bank Ltd.,Development Bank Limited,2025-02-25,2025-02-26,1248.12,1208.73,-3.16,1,False,Close below 20 EMA (1269.14)
GRDBL,Green Development Bank Ltd.,Development Bank Limited,2025-03-03,2025-03-04,1255.99,1255.82,-0.01,1,False,Close below 20 EMA (1258.55)
GRDBL,Green Development Bank Ltd.,Development Bank Limited,2025-03-12,2025-03-13,1243.75,1195.61,-3.87,1,False,Close below 20 EMA (1234.82)
GRDBL,Green Development Bank Ltd.,Development Bank Limited,2025-03-20,2025-03-25,1258.27,1223.2,-2.79,3,False,Close below 20 EMA (1223.68)
GRDBL,Green Development Bank Ltd.,Development Bank Limited,2025-05-21,2025-05-23,1075.37,1075.56,0.02,2,False,Close below 20 EMA (1087.74)
GRDBL,Green Development Bank Ltd.,Development Bank Limited,2025-05-28,2025-06-12,1140.14,1123.26,-1.48,8,False,Close below 20 EMA (1138.87)
GRDBL,Green Development Bank Ltd.,Development Bank Limited,2025-08-01,2025-08-04,1269.29,1209.98,-4.67,1,False,Close below 20 EMA (1232.37)
GRDBL,Green Development Bank Ltd.,Development Bank Limited,2025-08-29,2025-09-01,1087.49,1062.16,-2.33,1,False,Close below 20 EMA (1108.36)
GRDBL,Green Development Bank Ltd.,Development Bank Limited,2025-09-24,2025-09-25,1064.52,1031.57,-3.1,1,False,Close below 20 EMA (1037.66); Close below 200 EMA (1050.39)
GRDBL,Green Development Bank Ltd.,Development Bank Limited,2026-03-17,2026-03-30,1109.0,1130.0,1.89,8,False,Close below 20 EMA (1130.52)
GRDBL,Green Development Bank Ltd.,Development Bank Limited,2026-04-01,2026-04-03,1140.0,1095.4,-3.91,2,False,Close below 20 EMA (1124.78)
GRDBL,Green Development Bank Ltd.,Development Bank Limited,2026-05-21,2026-06-02,1084.0,1068.9,-1.39,6,False,Close below 20 EMA (1071.80); Close below 200 EMA (1072.15)
GUFL,Gurkhas Finance Ltd.,Finance,2023-02-27,2023-02-28,540.0,520.0,-3.7,1,False,Close below 20 EMA (547.27); Close below 200 EMA (538.87)
GUFL,Gurkhas Finance Ltd.,Finance,2023-08-07,2023-08-09,534.0,537.7,0.69,2,False,Close below 20 EMA (546.26)
GUFL,Gurkhas Finance Ltd.,Finance,2023-08-17,2023-08-18,540.0,545.0,0.93,1,False,Close below 20 EMA (548.07)
GUFL,Gurkhas Finance Ltd.,Finance,2024-07-04,2024-07-05,727.0,710.5,-2.27,1,False,Close below 20 EMA (719.04)
GUFL,Gurkhas Finance Ltd.,Finance,2024-07-12,2024-08-01,729.0,858.0,17.7,14,False,RSI overbought (75.9 >= 70)
GUFL,Gurkhas Finance Ltd.,Finance,2024-10-02,2024-10-21,745.8,750.0,0.56,9,False,Close below 20 EMA (750.25)
GVL,Green Ventures Limited,Hydro Power,2023-04-13,2023-04-14,384.64,380.27,-1.14,1,False,Close below 20 EMA (381.85)
GVL,Green Ventures Limited,Hydro Power,2023-05-11,2023-05-12,365.45,360.0,-1.49,1,False,Close below 20 EMA (365.15)
GVL,Green Ventures Limited,Hydro Power,2023-05-19,2023-06-01,368.18,356.45,-3.19,7,False,Close below 20 EMA (368.02)
GVL,Green Ventures Limited,Hydro Power,2023-06-05,2023-06-19,377.27,444.0,17.69,10,False,RSI overbought (75.7 >= 70)
GVL,Green Ventures Limited,Hydro Power,2024-04-10,2024-04-16,385.45,388.64,0.83,3,False,Close below 20 EMA (389.03)
GVL,Green Ventures Limited,Hydro Power,2024-09-13,2024-09-27,500.0,482.73,-3.45,8,False,Close below 20 EMA (516.48)
GVL,Green Ventures Limited,Hydro Power,2025-02-24,2025-02-25,540.0,538.0,-0.37,1,False,Close below 20 EMA (543.45)
GVL,Green Ventures Limited,Hydro Power,2025-02-28,2025-03-04,547.0,542.0,-0.91,2,False,Close below 20 EMA (543.72)
GVL,Green Ventures Limited,Hydro Power,2026-01-07,2026-01-08,514.0,503.9,-1.96,1,False,Close below 20 EMA (514.46); Close below 200 EMA (509.30)
HATHY,Hathway Investment Nepal Limited,Investment,2024-10-23,2024-11-26,1168.75,1401.79,19.94,19,False,RSI overbought (71.2 >= 70)
HATHY,Hathway Investment Nepal Limited,Investment,2025-01-07,2025-01-10,1229.46,1209.2,-1.65,3,False,Close below 20 EMA (1216.41)
HATHY,Hathway Investment Nepal Limited,Investment,2025-01-16,2025-01-17,1200.89,1180.54,-1.69,1,False,Close below 20 EMA (1209.88)
HATHY,Hathway Investment Nepal Limited,Investment,2025-01-22,2025-02-11,1218.75,1232.23,1.11,12,False,Close below 20 EMA (1245.58)
HATHY,Hathway Investment Nepal Limited,Investment,2025-03-31,2025-04-02,1181.35,1167.54,-1.17,1,False,Close below 20 EMA (1198.36)
HATHY,Hathway Investment Nepal Limited,Investment,2025-04-03,2025-04-08,1246.84,1195.56,-4.11,2,False,Close below 20 EMA (1204.66)
HATHY,Hathway Investment Nepal Limited,Investment,2025-04-10,2025-04-22,1236.06,1226.03,-0.81,7,False,Close below 20 EMA (1226.76)
HATHY,Hathway Investment Nepal Limited,Investment,2025-08-28,2025-09-02,1129.67,1109.1,-1.82,3,False,Close below 20 EMA (1115.79); Close below 200 EMA (1118.47)
HBL,Himalayan Bank Limited,Commercial Banks,2024-10-02,2024-10-24,254.6,261.9,2.87,12,False,Close below 20 EMA (262.18)
HBL,Himalayan Bank Limited,Commercial Banks,2024-11-12,2024-11-14,260.9,256.0,-1.88,2,False,Close below 20 EMA (257.86)
HBL,Himalayan Bank Limited,Commercial Banks,2024-12-27,2024-12-30,241.9,239.1,-1.16,1,False,Close below 20 EMA (242.57)
HBL,Himalayan Bank Limited,Commercial Banks,2025-01-06,2025-01-09,240.0,240.8,0.33,3,False,Close below 20 EMA (241.70)
HBL,Himalayan Bank Limited,Commercial Banks,2025-03-31,2025-04-02,237.98,233.23,-2.0,1,False,Close below 20 EMA (236.36); Close below 200 EMA (234.57)
HBL,Himalayan Bank Limited,Commercial Banks,2025-04-04,2025-04-10,238.92,235.28,-1.52,3,False,Close below 20 EMA (236.61)
HBL,Himalayan Bank Limited,Commercial Banks,2025-04-18,2025-04-21,237.79,233.62,-1.75,1,False,Close below 20 EMA (235.36); Close below 200 EMA (234.63)
HDHPC,Himal Dolakha Hydropower Company Limited,Hydro Power,2023-03-28,2023-03-29,171.31,170.86,-0.26,1,False,Close below 20 EMA (171.90)
HDHPC,Himal Dolakha Hydropower Company Limited,Hydro Power,2024-10-02,2024-10-22,209.2,210.0,0.38,10,False,Close below 20 EMA (211.18)
HDHPC,Himal Dolakha Hydropower Company Limited,Hydro Power,2024-12-24,2024-12-25,204.0,204.0,0.0,1,False,Close below 20 EMA (206.12)
HDHPC,Himal Dolakha Hydropower Company Limited,Hydro Power,2025-01-07,2025-01-10,203.8,200.0,-1.86,3,False,Close below 20 EMA (201.67)
HDHPC,Himal Dolakha Hydropower Company Limited,Hydro Power,2025-01-23,2025-01-24,199.0,197.3,-0.85,1,False,Close below 20 EMA (198.43)
HDHPC,Himal Dolakha Hydropower Company Limited,Hydro Power,2025-02-17,2025-02-19,203.0,200.0,-1.48,2,False,Close below 20 EMA (200.69)
HDHPC,Himal Dolakha Hydropower Company Limited,Hydro Power,2025-04-25,2025-05-06,199.26,200.33,0.54,6,False,Close below 20 EMA (201.58)
HDHPC,Himal Dolakha Hydropower Company Limited,Hydro Power,2025-05-19,2025-05-20,199.77,201.19,0.71,1,False,Close below 20 EMA (203.47)
HDHPC,Himal Dolakha Hydropower Company Limited,Hydro Power,2025-06-20,2025-06-23,202.05,199.44,-1.29,1,False,Close below 20 EMA (202.12)
HDHPC,Himal Dolakha Hydropower Company Limited,Hydro Power,2025-07-17,2025-07-24,197.76,214.5,8.46,5,False,RSI overbought (75.3 >= 70)
HDHPC,Himal Dolakha Hydropower Company Limited,Hydro Power,2026-06-04,2026-06-05,223.5,221.0,-1.12,1,False,Close below 20 EMA (225.41)
HDHPC,Himal Dolakha Hydropower Company Limited,Hydro Power,2026-06-13,2026-06-16,223.6,218.9,-2.1,1,False,Close below 20 EMA (221.83)
HDHPC,Himal Dolakha Hydropower Company Limited,Hydro Power,2026-08-14,2026-08-18,213.5,208.3,-2.44,2,False,Close below 20 EMA (211.14); Close below 200 EMA (209.79)
HDL,Himalayan Distillery Limited,Manufacturing And Processing,2025-10-20,2025-11-14,1115.83,1125.3,0.85,14,False,Close below 20 EMA (1145.91)
HDL,Himalayan Distillery Limited,Manufacturing And Processing,2026-01-06,2026-01-09,1160.0,1152.0,-0.69,3,False,Close below 20 EMA (1153.59)
HDL,Himalayan Distillery Limited,Manufacturing And Processing,2026-01-21,2026-01-28,1161.9,1152.0,-0.85,5,False,Close below 20 EMA (1154.04)
HDL,Himalayan Distillery Limited,Manufacturing And Processing,2026-02-23,2026-02-24,1135.0,1133.1,-0.17,1,False,Close below 20 EMA (1141.56)
HDL,Himalayan Distillery Limited,Manufacturing And Processing,2026-05-19,2026-06-09,1155.0,1165.0,0.87,13,False,Close below 20 EMA (1166.02)
HDL,Himalayan Distillery Limited,Manufacturing And Processing,2026-07-08,2026-07-09,1150.0,1147.0,-0.26,1,False,Close below 20 EMA (1150.46)
HEI,Himalayan Everest Insurance Limited,Non-Life Insurance,2023-08-11,2023-08-15,550.49,547.73,-0.5,2,False,Close below 20 EMA (547.77)
HEI,Himalayan Everest Insurance Limited,Non-Life Insurance,2023-09-14,2023-09-18,531.16,511.92,-3.62,1,False,Close below 20 EMA (527.17)
HEI,Himalayan Everest Insurance Limited,Non-Life Insurance,2023-09-22,2023-09-25,533.92,520.11,-2.59,1,False,Close below 20 EMA (525.99)
HEI,Himalayan Everest Insurance Limited,Non-Life Insurance,2023-09-28,2023-10-02,519.19,508.15,-2.13,1,False,Close below 20 EMA (522.94)
HEI,Himalayan Everest Insurance Limited,Non-Life Insurance,2024-03-07,2024-03-28,560.0,582.0,3.93,13,False,Close below 20 EMA (585.57)
HEI,Himalayan Everest Insurance Limited,Non-Life Insurance,2024-04-02,2024-04-03,577.0,569.1,-1.37,1,False,Close below 20 EMA (582.70)
HEI,Himalayan Everest Insurance Limited,Non-Life Insurance,2024-05-09,2024-05-10,580.0,575.0,-0.86,1,False,Close below 20 EMA (579.48)
HEI,Himalayan Everest Insurance Limited,Non-Life Insurance,2024-06-05,2024-06-06,601.0,596.1,-0.82,1,False,Close below 20 EMA (602.28)
HHL,Himalayan Hydropower Limited,Hydro Power,2023-07-06,2023-07-11,269.9,266.0,-1.44,3,False,Close below 20 EMA (269.68); Close below 200 EMA (266.71)
HHL,Himalayan Hydropower Limited,Hydro Power,2024-02-27,2024-03-01,335.2,334.0,-0.36,3,False,Close below 20 EMA (336.65)
HHL,Himalayan Hydropower Limited,Hydro Power,2024-03-19,2024-03-22,338.0,334.0,-1.18,3,False,Close below 20 EMA (334.12)
HHL,Himalayan Hydropower Limited,Hydro Power,2024-05-15,2024-05-16,353.0,348.9,-1.16,1,False,Close below 20 EMA (351.13)
HHL,Himalayan Hydropower Limited,Hydro Power,2024-05-30,2024-06-06,352.9,356.0,0.88,5,False,Close below 20 EMA (356.39)
HHL,Himalayan Hydropower Limited,Hydro Power,2024-06-27,2024-06-28,370.0,364.5,-1.49,1,False,Close below 20 EMA (365.76)
HHL,Himalayan Hydropower Limited,Hydro Power,2024-10-17,2024-10-21,469.8,437.5,-6.88,2,False,Close below 20 EMA (449.75)
HHL,Himalayan Hydropower Limited,Hydro Power,2026-05-23,2026-05-27,378.0,370.0,-2.12,2,False,Close below 20 EMA (373.94); Close below 200 EMA (372.31)
HIDCL,Hydorelectricity Investment and Development Company Ltd,Investment,2023-02-27,2023-02-28,196.06,193.1,-1.51,1,False,Close below 20 EMA (199.22); Close below 200 EMA (195.22)
HIDCL,Hydorelectricity Investment and Development Company Ltd,Investment,2024-10-02,2024-10-22,268.87,266.31,-0.95,10,False,Close below 20 EMA (269.94)
HIDCL,Hydorelectricity Investment and Development Company Ltd,Investment,2024-11-27,2024-11-29,263.05,264.04,0.38,2,False,Close below 20 EMA (266.87)
HIDCL,Hydorelectricity Investment and Development Company Ltd,Investment,2025-01-07,2025-01-13,238.42,236.85,-0.66,4,False,Close below 20 EMA (238.65)
HIDCL,Hydorelectricity Investment and Development Company Ltd,Investment,2025-03-31,2025-04-09,272.82,267.22,-2.05,5,False,Close below 20 EMA (267.50)
HIDCL,Hydorelectricity Investment and Development Company Ltd,Investment,2025-06-17,2025-06-18,295.6,292.88,-0.92,1,False,Close below 20 EMA (299.73)
HIDCL,Hydorelectricity Investment and Development Company Ltd,Investment,2025-07-10,2025-07-15,290.66,285.97,-1.61,3,False,Close below 20 EMA (289.80)
HIDCL,Hydorelectricity Investment and Development Company Ltd,Investment,2025-07-17,2025-07-23,288.29,318.11,10.34,4,False,RSI overbought (71.4 >= 70)
HIDCL,Hydorelectricity Investment and Development Company Ltd,Investment,2025-09-24,2025-09-25,276.85,269.95,-2.49,1,False,Close below 20 EMA (275.75); Close below 200 EMA (273.89)
HLBSL,Himalayan Laghubitta Bittiya Sanstha Limited,Microfinance,2024-08-01,2024-08-02,1204.03,1174.87,-2.42,1,False,Close below 20 EMA (1207.76)
HLBSL,Himalayan Laghubitta Bittiya Sanstha Limited,Microfinance,2024-09-09,2024-09-10,979.84,937.74,-4.3,1,False,Close below 20 EMA (1000.61)
HLBSL,Himalayan Laghubitta Bittiya Sanstha Limited,Microfinance,2024-12-11,2024-12-13,939.43,910.55,-3.07,2,False,Close below 20 EMA (931.90)
HLBSL,Himalayan Laghubitta Bittiya Sanstha Limited,Microfinance,2024-12-30,2025-01-01,900.14,899.2,-0.1,1,False,Close below 20 EMA (903.81)
HLBSL,Himalayan Laghubitta Bittiya Sanstha Limited,Microfinance,2025-01-07,2025-01-13,916.08,908.67,-0.81,4,False,Close below 20 EMA (909.21)
HLBSL,Himalayan Laghubitta Bittiya Sanstha Limited,Microfinance,2025-08-28,2025-08-29,947.31,939.56,-0.82,1,False,Close below 20 EMA (941.56)
HLBSL,Himalayan Laghubitta Bittiya Sanstha Limited,Microfinance,2026-02-18,2026-02-24,905.1,904.0,-0.12,2,False,Close below 20 EMA (908.98)
HLBSL,Himalayan Laghubitta Bittiya Sanstha Limited,Microfinance,2026-08-18,2026-08-19,894.9,875.0,-2.22,1,False,Close below 20 EMA (880.17); Close below 200 EMA (894.30)
HLI,Himalayan Life Insurance Limited,Life Insurance,2025-04-25,2025-04-28,420.38,417.77,-0.62,1,False,Close below 20 EMA (425.69)
HPPL,Himalayan Power Partner Ltd.,Hydro Power,2024-04-05,2024-04-08,215.33,214.0,-0.62,1,False,Close below 20 EMA (215.70)
HPPL,Himalayan Power Partner Ltd.,Hydro Power,2024-04-10,2024-04-11,216.53,215.33,-0.55,1,False,Close below 20 EMA (215.73)
HPPL,Himalayan Power Partner Ltd.,Hydro Power,2024-10-28,2024-11-18,250.0,304.67,21.87,11,False,RSI overbought (73.3 >= 70)
HPPL,Himalayan Power Partner Ltd.,Hydro Power,2025-01-01,2025-01-10,299.33,336.2,12.32,7,False,RSI overbought (72.4 >= 70)
HPPL,Himalayan Power Partner Ltd.,Hydro Power,2025-05-01,2025-05-06,436.37,420.87,-3.55,2,False,Close below 20 EMA (433.37)
HPPL,Himalayan Power Partner Ltd.,Hydro Power,2025-06-09,2025-06-26,391.07,400.02,2.29,13,False,Close below 20 EMA (400.19)
HPPL,Himalayan Power Partner Ltd.,Hydro Power,2025-07-18,2025-07-22,382.79,376.43,-1.66,2,False,Close below 20 EMA (378.10)
HPPL,Himalayan Power Partner Ltd.,Hydro Power,2025-08-12,2025-08-13,376.21,373.39,-0.75,1,False,Close below 20 EMA (377.88)
HPPL,Himalayan Power Partner Ltd.,Hydro Power,2025-08-15,2025-08-18,375.45,371.07,-1.17,1,False,Close below 20 EMA (376.78)
HPPL,Himalayan Power Partner Ltd.,Hydro Power,2025-08-28,2025-08-29,367.45,363.23,-1.15,1,False,Close below 20 EMA (368.91); Close below 200 EMA (363.33)
HPPL,Himalayan Power Partner Ltd.,Hydro Power,2025-11-14,2025-11-17,366.0,359.33,-1.82,1,False,Close below 200 EMA (359.86)
HPPL,Himalayan Power Partner Ltd.,Hydro Power,2026-06-03,2026-06-04,379.5,376.0,-0.92,1,False,Close below 20 EMA (379.70)
HPPL,Himalayan Power Partner Ltd.,Hydro Power,2026-06-06,2026-06-09,374.2,375.0,0.21,1,False,Close below 20 EMA (378.77)
HPPL,Himalayan Power Partner Ltd.,Hydro Power,2026-06-18,2026-06-20,371.7,367.0,-1.26,2,False,Close below 20 EMA (372.83); Close below 200 EMA (368.14)
HRL,Himalayan Reinsurance Limited,Others,2025-01-21,2025-01-23,782.87,838.28,7.08,2,False,RSI overbought (71.1 >= 70)
HRL,Himalayan Reinsurance Limited,Others,2025-05-15,2025-05-16,921.0,903.24,-1.93,1,False,Close below 20 EMA (930.16)
HRL,Himalayan Reinsurance Limited,Others,2025-05-19,2025-05-23,945.79,933.69,-1.28,4,False,Close below 20 EMA (935.97)
HRL,Himalayan Reinsurance Limited,Others,2025-06-30,2025-07-01,893.47,891.57,-0.21,1,False,Close below 20 EMA (903.00)
HURJA,Himalaya Urja Bikas Company Limited,Hydro Power,2024-05-22,2024-05-23,193.65,192.0,-0.85,1,False,Close below 20 EMA (193.10)
HURJA,Himalaya Urja Bikas Company Limited,Hydro Power,2024-06-12,2024-06-27,192.0,191.55,-0.23,10,False,Close below 20 EMA (195.57)
HURJA,Himalaya Urja Bikas Company Limited,Hydro Power,2024-07-05,2024-07-08,195.0,188.0,-3.59,1,False,Close below 20 EMA (192.94); Close below 200 EMA (190.17)
HURJA,Himalaya Urja Bikas Company Limited,Hydro Power,2024-10-08,2024-10-10,225.8,220.0,-2.57,2,False,Close below 20 EMA (220.40)
HURJA,Himalaya Urja Bikas Company Limited,Hydro Power,2024-11-11,2024-11-14,223.0,220.6,-1.08,3,False,Close below 20 EMA (220.92)
HURJA,Himalaya Urja Bikas Company Limited,Hydro Power,2025-01-07,2025-01-14,237.0,228.6,-3.54,5,False,Close below 20 EMA (232.34)
HURJA,Himalaya Urja Bikas Company Limited,Hydro Power,2025-01-21,2025-01-22,231.5,229.9,-0.69,1,False,Close below 20 EMA (231.08)
HURJA,Himalaya Urja Bikas Company Limited,Hydro Power,2025-01-23,2025-02-05,236.0,268.7,13.86,7,False,RSI overbought (76.5 >= 70)
HURJA,Himalaya Urja Bikas Company Limited,Hydro Power,2025-03-31,2025-04-02,245.32,242.4,-1.19,1,False,Close below 20 EMA (242.68)
HURJA,Himalaya Urja Bikas Company Limited,Hydro Power,2025-04-17,2025-04-24,245.76,238.97,-2.76,5,False,Close below 20 EMA (241.60)
HURJA,Himalaya Urja Bikas Company Limited,Hydro Power,2025-04-28,2025-05-19,245.05,249.71,1.9,13,False,Close below 20 EMA (254.71)
ICFC,ICFC Finance Limited,Finance,2024-04-26,2024-05-06,505.0,514.0,1.78,5,False,Close below 20 EMA (514.07)
ICFC,ICFC Finance Limited,Finance,2024-06-03,2024-06-05,519.0,515.0,-0.77,2,False,Close below 20 EMA (515.40)
ICFC,ICFC Finance Limited,Finance,2024-06-10,2024-06-11,511.8,512.0,0.04,1,False,Close below 20 EMA (514.11)
ICFC,ICFC Finance Limited,Finance,2024-10-02,2024-10-22,730.4,731.0,0.08,10,False,Close below 20 EMA (735.92)
ICFC,ICFC Finance Limited,Finance,2025-01-09,2025-01-10,708.0,685.0,-3.25,1,False,Close below 20 EMA (685.66)
ICFC,ICFC Finance Limited,Finance,2025-02-06,2025-02-12,671.0,652.0,-2.83,4,False,Close below 20 EMA (654.43); Close below 200 EMA (655.87)
ICFC,ICFC Finance Limited,Finance,2025-09-22,2025-09-25,661.6,658.5,-0.47,2,False,Close below 20 EMA (662.50)
ICFC,ICFC Finance Limited,Finance,2025-11-25,2025-12-01,643.0,639.0,-0.62,4,False,Close below 200 EMA (640.60)
ICFC,ICFC Finance Limited,Finance,2026-04-10,2026-04-11,651.2,649.9,-0.2,1,False,Close below 20 EMA (650.21)
IGI,IGI Prudential Insurance Company Limited,Non-Life Insurance,2023-09-12,2023-09-13,496.0,486.0,-2.02,1,False,Close below 20 EMA (498.73)
IGI,IGI Prudential Insurance Company Limited,Non-Life Insurance,2023-10-03,2023-10-04,500.1,495.3,-0.96,1,False,Close below 20 EMA (503.05)
IGI,IGI Prudential Insurance Company Limited,Non-Life Insurance,2024-03-11,2024-03-19,550.0,545.3,-0.85,5,False,Close below 20 EMA (547.29)
IGI,IGI Prudential Insurance Company Limited,Non-Life Insurance,2024-04-08,2024-04-11,536.5,537.1,0.11,2,False,Close below 20 EMA (538.63)
IGI,IGI Prudential Insurance Company Limited,Non-Life Insurance,2024-04-22,2024-04-23,525.0,520.0,-0.95,1,False,Close below 20 EMA (531.14)
IGI,IGI Prudential Insurance Company Limited,Non-Life Insurance,2024-05-01,2024-05-07,538.0,524.3,-2.55,3,False,Close below 20 EMA (529.36)
IGI,IGI Prudential Insurance Company Limited,Non-Life Insurance,2024-06-11,2024-06-14,528.0,532.0,0.76,3,False,Close below 20 EMA (534.28)
IGI,IGI Prudential Insurance Company Limited,Non-Life Insurance,2024-07-03,2024-07-15,530.5,569.0,7.26,8,False,RSI overbought (71.5 >= 70)
IGI,IGI Prudential Insurance Company Limited,Non-Life Insurance,2024-10-02,2024-10-03,620.0,605.5,-2.34,1,False,Close below 20 EMA (611.72)
IGI,IGI Prudential Insurance Company Limited,Non-Life Insurance,2025-01-22,2025-01-28,594.2,579.0,-2.56,4,False,Close below 20 EMA (584.63); Close below 200 EMA (583.90)
IHL,Ingwa Hydropower Limited,Hydro Power,2024-10-17,2024-10-21,529.2,512.0,-3.25,2,False,Close below 20 EMA (514.16)
IHL,Ingwa Hydropower Limited,Hydro Power,2024-10-28,2024-12-05,522.0,720.5,38.03,23,False,RSI overbought (75.7 >= 70)
IHL,Ingwa Hydropower Limited,Hydro Power,2025-04-18,2025-04-24,693.49,665.01,-4.11,4,False,Close below 20 EMA (682.48)
ILBS,Infinity Laghubitta Bittiya Sanstha Limited,Microfinance,2024-02-23,2024-02-28,690.0,684.0,-0.87,3,False,Close below 20 EMA (697.81)
ILBS,Infinity Laghubitta Bittiya Sanstha Limited,Microfinance,2024-03-07,2024-03-18,693.0,790.0,14.0,6,False,RSI overbought (70.8 >= 70)
ILBS,Infinity Laghubitta Bittiya Sanstha Limited,Microfinance,2024-06-26,2024-06-27,1259.9,1235.9,-1.9,1,False,Close below 20 EMA (1256.56)
ILBS,Infinity Laghubitta Bittiya Sanstha Limited,Microfinance,2024-07-10,2024-07-12,1238.0,1220.0,-1.45,2,False,Close below 20 EMA (1232.00)
ILBS,Infinity Laghubitta Bittiya Sanstha Limited,Microfinance,2024-07-17,2024-07-19,1219.0,1221.0,0.16,2,False,Close below 20 EMA (1227.42)
ILBS,Infinity Laghubitta Bittiya Sanstha Limited,Microfinance,2024-07-24,2024-07-25,1210.1,1202.1,-0.66,1,False,Close below 20 EMA (1222.76)
ILBS,Infinity Laghubitta Bittiya Sanstha Limited,Microfinance,2024-08-26,2024-08-28,1150.0,1119.0,-2.7,1,False,Close below 20 EMA (1149.42)
ILBS,Infinity Laghubitta Bittiya Sanstha Limited,Microfinance,2024-09-09,2024-09-10,1127.0,1075.1,-4.61,1,False,Close below 20 EMA (1107.65)
ILBS,Infinity Laghubitta Bittiya Sanstha Limited,Microfinance,2024-10-30,2024-10-31,1009.3,1000.1,-0.91,1,False,Close below 20 EMA (1001.11); Close below 200 EMA (1006.39)
ILBS,Infinity Laghubitta Bittiya Sanstha Limited,Microfinance,2025-03-07,2025-03-12,1025.0,1019.0,-0.59,3,False,Close below 20 EMA (1019.94)
ILBS,Infinity Laghubitta Bittiya Sanstha Limited,Microfinance,2025-11-24,2025-11-26,1124.0,1126.8,0.25,2,False,Close below 20 EMA (1135.08)
ILBS,Infinity Laghubitta Bittiya Sanstha Limited,Microfinance,2025-11-27,2025-11-28,1137.0,1134.0,-0.26,1,False,Close below 20 EMA (1135.14)
ILBS,Infinity Laghubitta Bittiya Sanstha Limited,Microfinance,2025-12-01,2025-12-03,1130.0,1127.0,-0.27,2,False,Close below 20 EMA (1132.57)
ILBS,Infinity Laghubitta Bittiya Sanstha Limited,Microfinance,2026-01-07,2026-01-08,1048.0,1020.0,-2.67,1,False,Close below 200 EMA (1047.15)
ILI,IME Life Insurance Company Limited,Life Insurance,2024-11-28,2024-11-29,503.0,493.0,-1.99,1,False,Close below 20 EMA (496.39)
ILI,IME Life Insurance Company Limited,Life Insurance,2025-01-06,2025-01-13,476.9,471.0,-1.24,5,False,Close below 20 EMA (477.47); Close below 200 EMA (475.88)
ILI,IME Life Insurance Company Limited,Life Insurance,2025-01-22,2025-02-12,478.5,484.0,1.15,13,False,Close below 20 EMA (484.73)
JBBL,Jyoti Bikas Bank Limited,Development Bank Limited,2023-09-14,2023-09-18,310.0,298.9,-3.58,1,False,Close below 20 EMA (304.00)
JBBL,Jyoti Bikas Bank Limited,Development Bank Limited,2024-04-08,2024-04-11,297.0,294.0,-1.01,2,False,Close below 20 EMA (294.61); Close below 200 EMA (295.62)
JBBL,Jyoti Bikas Bank Limited,Development Bank Limited,2025-01-29,2025-02-07,361.2,360.0,-0.33,5,False,Close below 20 EMA (360.80)
JBBL,Jyoti Bikas Bank Limited,Development Bank Limited,2025-02-24,2025-02-25,354.0,353.9,-0.03,1,False,Close below 20 EMA (358.33)
JBBL,Jyoti Bikas Bank Limited,Development Bank Limited,2025-02-28,2025-03-10,360.2,360.7,0.14,6,False,Close below 20 EMA (361.93)
JBBL,Jyoti Bikas Bank Limited,Development Bank Limited,2026-05-19,2026-05-20,357.6,357.0,-0.17,1,False,Close below 20 EMA (360.36)
JBBL,Jyoti Bikas Bank Limited,Development Bank Limited,2026-08-05,2026-08-06,347.5,345.0,-0.72,1,False,Close below 20 EMA (347.07); Close below 200 EMA (347.39)
JBLB,Jeevan Bikas Laghubitta Bittiya Sanstha Limited,Microfinance,2024-10-30,2024-12-04,1201.22,1238.84,3.13,20,False,Close below 20 EMA (1251.43)
JBLB,Jeevan Bikas Laghubitta Bittiya Sanstha Limited,Microfinance,2024-12-30,2025-01-03,1208.83,1197.37,-0.95,3,False,Close below 20 EMA (1199.60)
JBLB,Jeevan Bikas Laghubitta Bittiya Sanstha Limited,Microfinance,2025-01-07,2025-01-08,1195.61,1193.86,-0.15,1,False,Close below 20 EMA (1198.13)
JBLB,Jeevan Bikas Laghubitta Bittiya Sanstha Limited,Microfinance,2025-01-29,2025-02-24,1189.56,1221.05,2.65,15,False,Close below 20 EMA (1223.18)
JBLB,Jeevan Bikas Laghubitta Bittiya Sanstha Limited,Microfinance,2026-04-01,2026-04-02,1345.0,1315.0,-2.23,1,False,Close below 20 EMA (1358.40)
JFL,Janaki Finance Ltd.,Finance,2024-12-18,2024-12-25,879.9,908.0,3.19,5,False,Close below 20 EMA (915.56)
JOSHI,Joshi Hydropower Development Company Ltd,Hydro Power,2023-07-13,2023-07-14,204.24,201.82,-1.18,1,False,Close below 20 EMA (202.89)
JOSHI,Joshi Hydropower Development Company Ltd,Hydro Power,2024-06-11,2024-06-14,224.24,223.15,-0.49,3,False,Close below 20 EMA (225.75)
JOSHI,Joshi Hydropower Development Company Ltd,Hydro Power,2024-07-05,2024-07-09,217.58,217.27,-0.14,2,False,Close below 20 EMA (218.49)
JOSHI,Joshi Hydropower Development Company Ltd,Hydro Power,2024-07-12,2024-07-24,220.85,244.24,10.59,8,False,RSI overbought (70.8 >= 70)
JOSHI,Joshi Hydropower Development Company Ltd,Hydro Power,2024-10-08,2024-10-21,231.27,227.09,-1.81,6,False,Close below 20 EMA (227.66)
JOSHI,Joshi Hydropower Development Company Ltd,Hydro Power,2024-10-23,2024-10-24,228.36,226.61,-0.77,1,False,Close below 20 EMA (227.21)
JOSHI,Joshi Hydropower Development Company Ltd,Hydro Power,2024-10-30,2024-11-07,230.91,227.27,-1.58,3,False,Close below 20 EMA (227.45)
JOSHI,Joshi Hydropower Development Company Ltd,Hydro Power,2025-04-10,2025-04-14,272.52,270.41,-0.77,2,False,Close below 20 EMA (270.52)
JOSHI,Joshi Hydropower Development Company Ltd,Hydro Power,2025-05-08,2025-05-14,268.08,310.67,15.89,3,False,RSI overbought (75.3 >= 70)
JOSHI,Joshi Hydropower Development Company Ltd,Hydro Power,2025-05-21,2025-05-23,285.07,275.9,-3.22,2,False,Close below 20 EMA (277.01)
JOSHI,Joshi Hydropower Development Company Ltd,Hydro Power,2025-10-10,2025-10-13,305.9,298.0,-2.58,1,False,Close below 20 EMA (303.46)
JOSHI,Joshi Hydropower Development Company Ltd,Hydro Power,2025-10-29,2025-10-30,304.9,297.3,-2.49,1,False,Close below 20 EMA (297.98)
JOSHI,Joshi Hydropower Development Company Ltd,Hydro Power,2025-12-03,2025-12-04,325.0,317.0,-2.46,1,False,Close below 20 EMA (329.84)
JSLBB,Janautthan Samudayic Laghubitta Bittiya Sanstha Limited,Microfinance,2024-08-12,2024-08-13,1476.0,1477.0,0.07,1,False,Close below 20 EMA (1493.76)
JSLBB,Janautthan Samudayic Laghubitta Bittiya Sanstha Limited,Microfinance,2024-08-26,2024-08-29,1481.0,1421.0,-4.05,2,False,Close below 20 EMA (1468.19)
JSLBB,Janautthan Samudayic Laghubitta Bittiya Sanstha Limited,Microfinance,2024-09-03,2024-09-10,1498.8,1460.0,-2.59,5,False,Close below 20 EMA (1482.37)
JSLBB,Janautthan Samudayic Laghubitta Bittiya Sanstha Limited,Microfinance,2024-09-12,2024-09-24,1520.0,1504.0,-1.05,6,False,Close below 20 EMA (1519.69)
JSLBB,Janautthan Samudayic Laghubitta Bittiya Sanstha Limited,Microfinance,2024-12-24,2025-01-01,1632.0,1602.0,-1.84,4,False,Close below 20 EMA (1613.55)
KBL,Kumari Bank Limited,Commercial Banks,2024-10-02,2024-10-28,219.0,228.0,4.11,14,False,Close below 20 EMA (228.95)
KBL,Kumari Bank Limited,Commercial Banks,2024-11-27,2024-11-29,230.5,226.9,-1.56,2,False,Close below 20 EMA (227.34)
KBL,Kumari Bank Limited,Commercial Banks,2024-12-12,2024-12-13,224.0,219.9,-1.83,1,False,Close below 20 EMA (222.81)
KBL,Kumari Bank Limited,Commercial Banks,2024-12-27,2025-01-01,221.0,214.9,-2.76,2,False,Close below 20 EMA (217.97)
KBL,Kumari Bank Limited,Commercial Banks,2025-02-03,2025-02-04,203.2,203.8,0.3,1,False,Close below 20 EMA (204.55)
KBL,Kumari Bank Limited,Commercial Banks,2025-04-25,2025-04-28,203.81,200.12,-1.81,1,False,Close below 20 EMA (205.52); Close below 200 EMA (201.40)
KBL,Kumari Bank Limited,Commercial Banks,2025-05-21,2025-05-29,203.08,222.07,9.35,6,False,RSI overbought (72.2 >= 70)
KBL,Kumari Bank Limited,Commercial Banks,2025-06-13,2025-06-16,206.2,204.17,-0.98,1,False,Close below 20 EMA (208.64)
KBL,Kumari Bank Limited,Commercial Banks,2026-05-26,2026-06-02,222.0,218.0,-1.8,3,False,Close below 20 EMA (219.56)
KBL,Kumari Bank Limited,Commercial Banks,2026-06-25,2026-06-26,211.0,208.0,-1.42,1,False,Close below 20 EMA (212.85)
KBL,Kumari Bank Limited,Commercial Banks,2026-07-08,2026-07-09,214.8,211.8,-1.4,1,False,Close below 20 EMA (211.83)
KBSH,Kutheli Bukhari Small Hydropower Limited,Hydro Power,2024-08-30,2024-09-10,1679.09,1655.37,-1.41,7,False,Close below 20 EMA (1689.61)
KBSH,Kutheli Bukhari Small Hydropower Limited,Hydro Power,2024-12-25,2025-01-01,2238.85,2186.36,-2.34,3,False,Close below 20 EMA (2250.59)
KBSH,Kutheli Bukhari Small Hydropower Limited,Hydro Power,2025-02-03,2025-02-06,2259.09,2216.36,-1.89,3,False,Close below 20 EMA (2250.22)
KBSH,Kutheli Bukhari Small Hydropower Limited,Hydro Power,2025-03-24,2025-03-26,2245.2,2189.45,-2.48,2,False,Close below 20 EMA (2269.90)
KBSH,Kutheli Bukhari Small Hydropower Limited,Hydro Power,2025-03-28,2025-03-31,2210.03,2170.4,-1.79,1,False,Close below 20 EMA (2247.73)
KDL,Kalinchowk Darshan Limited,Hotels And Tourism,2024-02-29,2024-03-01,755.24,755.24,0.0,1,False,Close below 20 EMA (760.39)
KDL,Kalinchowk Darshan Limited,Hotels And Tourism,2024-03-07,2024-03-08,744.76,747.62,0.38,1,False,Close below 20 EMA (753.94)
KDL,Kalinchowk Darshan Limited,Hotels And Tourism,2024-04-02,2024-04-04,766.67,746.67,-2.61,2,False,Close below 20 EMA (757.50)
KDL,Kalinchowk Darshan Limited,Hotels And Tourism,2024-04-08,2024-04-11,761.9,753.33,-1.12,2,False,Close below 20 EMA (757.32)
KDL,Kalinchowk Darshan Limited,Hotels And Tourism,2024-05-01,2024-05-06,742.86,723.9,-2.55,2,False,Close below 20 EMA (739.42)
KDL,Kalinchowk Darshan Limited,Hotels And Tourism,2024-10-08,2024-10-09,1066.67,1008.0,-5.5,1,False,Close below 20 EMA (1029.89)
KDL,Kalinchowk Darshan Limited,Hotels And Tourism,2024-12-02,2024-12-09,1065.62,1066.67,0.1,5,False,Close below 20 EMA (1071.06)
KDL,Kalinchowk Darshan Limited,Hotels And Tourism,2025-01-23,2025-01-24,1068.57,1034.29,-3.21,1,False,Close below 20 EMA (1054.67)
KDL,Kalinchowk Darshan Limited,Hotels And Tourism,2025-01-29,2025-02-24,1042.86,1184.67,13.6,15,False,RSI overbought (70.9 >= 70)
KDL,Kalinchowk Darshan Limited,Hotels And Tourism,2025-04-16,2025-04-17,1065.29,1066.21,0.09,1,False,Close below 20 EMA (1066.65)
KDL,Kalinchowk Darshan Limited,Hotels And Tourism,2025-04-29,2025-04-30,1054.1,1036.06,-1.71,1,False,Close below 20 EMA (1057.09); Close below 200 EMA (1044.09)
KDL,Kalinchowk Darshan Limited,Hotels And Tourism,2025-05-07,2025-05-27,1068.97,1081.14,1.14,13,False,Close below 20 EMA (1090.32)
KDL,Kalinchowk Darshan Limited,Hotels And Tourism,2025-06-13,2025-06-16,1069.33,1055.36,-1.31,1,False,Close below 20 EMA (1071.52)
KDL,Kalinchowk Darshan Limited,Hotels And Tourism,2025-06-17,2025-06-18,1083.96,1061.89,-2.04,1,False,Close below 20 EMA (1071.68)
KDL,Kalinchowk Darshan Limited,Hotels And Tourism,2025-06-19,2025-06-20,1055.61,1054.8,-0.08,1,False,Close below 20 EMA (1068.68)
KKHC,Khanikhola Hydropower Co. Ltd.,Hydro Power,2024-05-01,2024-05-03,162.5,162.5,0.0,1,False,Close below 20 EMA (165.76)
KKHC,Khanikhola Hydropower Co. Ltd.,Hydro Power,2024-07-05,2024-07-17,164.5,177.4,7.84,8,False,RSI overbought (74.0 >= 70)
KKHC,Khanikhola Hydropower Co. Ltd.,Hydro Power,2024-10-02,2024-10-09,186.0,182.0,-2.15,4,False,Close below 20 EMA (183.18)
KKHC,Khanikhola Hydropower Co. Ltd.,Hydro Power,2025-03-31,2025-04-02,227.28,225.16,-0.93,1,False,Close below 20 EMA (227.41)
KKHC,Khanikhola Hydropower Co. Ltd.,Hydro Power,2025-05-08,2025-05-16,223.47,221.74,-0.77,5,False,Close below 20 EMA (224.61)
KKHC,Khanikhola Hydropower Co. Ltd.,Hydro Power,2025-05-21,2025-05-23,226.0,223.56,-1.08,2,False,Close below 20 EMA (224.26)
KKHC,Khanikhola Hydropower Co. Ltd.,Hydro Power,2025-06-17,2025-06-26,225.76,251.32,11.32,7,False,RSI overbought (73.7 >= 70)
KKHC,Khanikhola Hydropower Co. Ltd.,Hydro Power,2025-09-24,2025-09-25,247.5,242.0,-2.22,1,False,Close below 20 EMA (248.14)
KKHC,Khanikhola Hydropower Co. Ltd.,Hydro Power,2025-10-08,2025-10-09,242.5,233.0,-3.92,1,False,Close below 20 EMA (245.39); Close below 200 EMA (237.53)
KKHC,Khanikhola Hydropower Co. Ltd.,Hydro Power,2026-05-21,2026-05-22,260.0,258.0,-0.77,1,False,Close below 20 EMA (264.63)
KKHC,Khanikhola Hydropower Co. Ltd.,Hydro Power,2026-05-23,2026-06-06,266.1,264.0,-0.79,8,False,Close below 20 EMA (267.76)
KKHC,Khanikhola Hydropower Co. Ltd.,Hydro Power,2026-06-10,2026-06-11,259.1,258.8,-0.12,1,False,Close below 20 EMA (265.32)
KMCDB,Kalika Laghubitta Bittiya Sanstha Limited,Microfinance,2024-08-12,2024-08-13,943.96,934.0,-1.06,1,False,Close below 20 EMA (941.61)
KMCDB,Kalika Laghubitta Bittiya Sanstha Limited,Microfinance,2024-08-26,2024-08-29,946.54,921.55,-2.64,2,False,Close below 20 EMA (930.03)
KMCDB,Kalika Laghubitta Bittiya Sanstha Limited,Microfinance,2024-09-09,2024-09-10,910.84,871.73,-4.29,1,False,Close below 20 EMA (909.15)
KMCDB,Kalika Laghubitta Bittiya Sanstha Limited,Microfinance,2024-09-26,2024-09-27,872.23,838.61,-3.85,1,False,Close below 20 EMA (886.64)
KMCDB,Kalika Laghubitta Bittiya Sanstha Limited,Microfinance,2024-10-02,2024-10-03,866.75,831.88,-4.02,1,False,Close below 20 EMA (870.80)
KMCDB,Kalika Laghubitta Bittiya Sanstha Limited,Microfinance,2024-10-30,2024-12-17,869.15,906.68,4.32,28,False,Close below 20 EMA (922.05)
KMCDB,Kalika Laghubitta Bittiya Sanstha Limited,Microfinance,2025-04-03,2025-04-08,992.75,963.78,-2.92,2,False,Close below 20 EMA (983.97)
KMCDB,Kalika Laghubitta Bittiya Sanstha Limited,Microfinance,2025-04-18,2025-04-21,972.59,959.93,-1.3,1,False,Close below 20 EMA (969.78)
KMCDB,Kalika Laghubitta Bittiya Sanstha Limited,Microfinance,2025-05-15,2025-05-16,918.42,914.77,-0.4,1,False,Close below 20 EMA (921.58)
KMCDB,Kalika Laghubitta Bittiya Sanstha Limited,Microfinance,2025-08-06,2025-08-07,982.47,981.78,-0.07,1,False,Close below 20 EMA (985.99)
KMCDB,Kalika Laghubitta Bittiya Sanstha Limited,Microfinance,2025-11-03,2025-11-04,941.27,927.0,-1.52,1,False,Close below 200 EMA (937.09)
KMCDB,Kalika Laghubitta Bittiya Sanstha Limited,Microfinance,2026-01-29,2026-01-30,961.8,951.0,-1.12,1,False,Close below 20 EMA (961.75)
KPCL,Kalika power Company Ltd,Hydro Power,2023-04-06,2023-04-07,308.88,297.36,-3.73,1,False,Close below 20 EMA (305.01)
KPCL,Kalika power Company Ltd,Hydro Power,2023-04-10,2023-04-11,297.77,295.38,-0.8,1,False,Close below 20 EMA (303.47)
KPCL,Kalika power Company Ltd,Hydro Power,2023-04-25,2023-04-27,302.52,294.99,-2.49,2,False,Close below 20 EMA (300.73)
KPCL,Kalika power Company Ltd,Hydro Power,2023-05-22,2023-05-31,289.82,289.91,0.03,5,False,Close below 20 EMA (294.24)
KPCL,Kalika power Company Ltd,Hydro Power,2023-06-02,2023-06-23,287.44,299.36,4.15,15,False,Close below 20 EMA (309.89)
KPCL,Kalika power Company Ltd,Hydro Power,2023-06-26,2023-06-27,304.91,301.73,-1.04,1,False,Close below 20 EMA (308.68)
KPCL,Kalika power Company Ltd,Hydro Power,2024-05-09,2024-05-10,346.66,338.28,-2.42,1,False,Close below 20 EMA (346.10)
KPCL,Kalika power Company Ltd,Hydro Power,2024-10-07,2024-10-22,424.32,427.11,0.66,8,False,Close below 20 EMA (427.23)
KPCL,Kalika power Company Ltd,Hydro Power,2025-01-03,2025-01-10,470.79,518.69,10.17,5,False,RSI overbought (71.7 >= 70)
KPCL,Kalika power Company Ltd,Hydro Power,2025-04-30,2025-05-01,495.01,494.61,-0.08,1,False,Close below 20 EMA (498.81)
KPCL,Kalika power Company Ltd,Hydro Power,2025-05-28,2025-05-29,492.16,491.65,-0.1,1,False,Close below 20 EMA (494.88)
KPCL,Kalika power Company Ltd,Hydro Power,2025-08-18,2025-08-21,575.61,559.65,-2.77,3,False,Close below 20 EMA (565.42)
KPCL,Kalika power Company Ltd,Hydro Power,2025-09-25,2025-10-08,556.07,531.78,-4.37,3,False,Close below 20 EMA (541.35)
KPCL,Kalika power Company Ltd,Hydro Power,2025-10-09,2025-10-10,533.64,535.51,0.35,1,False,Close below 20 EMA (540.13)
KPCL,Kalika power Company Ltd,Hydro Power,2025-10-14,2025-10-15,523.27,512.62,-2.04,1,False,Close below 20 EMA (533.30)
KPCL,Kalika power Company Ltd,Hydro Power,2025-10-29,2025-11-06,544.95,532.71,-2.25,6,False,Close below 20 EMA (534.58)
KPCL,Kalika power Company Ltd,Hydro Power,2025-11-18,2025-11-20,526.92,517.76,-1.74,2,False,Close below 20 EMA (524.60)
KPCL,Kalika power Company Ltd,Hydro Power,2025-12-01,2025-12-02,515.89,519.72,0.74,1,False,Close below 20 EMA (521.56)
KPCL,Kalika power Company Ltd,Hydro Power,2025-12-03,2025-12-08,524.3,512.24,-2.3,2,False,Close below 20 EMA (520.96); Close below 200 EMA (512.57)
KSBBL,Kamana Sewa Bikas Bank Limited,Development Bank Limited,2024-04-26,2024-05-01,297.36,328.8,10.57,3,False,RSI overbought (70.6 >= 70)
KSBBL,Kamana Sewa Bikas Bank Limited,Development Bank Limited,2025-01-22,2025-02-10,395.45,400.91,1.38,11,False,Close below 20 EMA (405.45)
KSBBL,Kamana Sewa Bikas Bank Limited,Development Bank Limited,2025-05-05,2025-05-06,395.49,396.46,0.25,1,False,Close below 20 EMA (399.15)
KSBBL,Kamana Sewa Bikas Bank Limited,Development Bank Limited,2025-05-08,2025-06-06,400.6,408.65,2.01,17,False,Close below 20 EMA (408.72)
KSBBL,Kamana Sewa Bikas Bank Limited,Development Bank Limited,2025-06-10,2025-06-13,405.11,407.9,0.69,3,False,Close below 20 EMA (408.32)
KSBBL,Kamana Sewa Bikas Bank Limited,Development Bank Limited,2025-09-22,2025-09-25,467.81,475.0,1.54,2,False,Close below 20 EMA (476.14)
KSBBL,Kamana Sewa Bikas Bank Limited,Development Bank Limited,2025-11-03,2025-11-05,445.9,434.0,-2.67,2,False,Close below 20 EMA (440.04)
KSBBL,Kamana Sewa Bikas Bank Limited,Development Bank Limited,2025-11-25,2025-12-04,437.9,433.1,-1.1,7,False,Close below 20 EMA (434.38)
KSBBL,Kamana Sewa Bikas Bank Limited,Development Bank Limited,2025-12-15,2025-12-22,429.7,427.9,-0.42,5,False,Close below 20 EMA (431.83); Close below 200 EMA (429.07)
KSBBL,Kamana Sewa Bikas Bank Limited,Development Bank Limited,2025-12-24,2025-12-25,430.0,429.5,-0.12,1,False,Close below 20 EMA (431.08)
KSBBL,Kamana Sewa Bikas Bank Limited,Development Bank Limited,2026-04-07,2026-04-08,492.0,482.0,-2.03,1,False,Close below 20 EMA (483.14)
KSBBL,Kamana Sewa Bikas Bank Limited,Development Bank Limited,2026-04-23,2026-04-24,484.0,479.5,-0.93,1,False,Close below 20 EMA (484.38)
KSBBL,Kamana Sewa Bikas Bank Limited,Development Bank Limited,2026-07-08,2026-07-09,476.0,475.0,-0.21,1,False,Close below 20 EMA (478.06)
KSBBL,Kamana Sewa Bikas Bank Limited,Development Bank Limited,2026-07-15,2026-07-16,470.0,470.0,0.0,1,False,Close below 20 EMA (474.62)
KSBBL,Kamana Sewa Bikas Bank Limited,Development Bank Limited,2026-07-17,2026-07-31,474.0,479.0,1.05,10,False,Close below 20 EMA (481.36)
KSBBL,Kamana Sewa Bikas Bank Limited,Development Bank Limited,2026-08-12,2026-08-13,470.8,474.9,0.87,1,False,Close below 20 EMA (476.56)
LBBL,Lumbini Bikas Bank Ltd.,Development Bank Limited,2023-09-12,2023-09-13,369.68,362.68,-1.89,1,False,Close below 20 EMA (366.94)
LBBL,Lumbini Bikas Bank Ltd.,Development Bank Limited,2023-10-03,2023-10-04,373.42,364.17,-2.48,1,False,Close below 20 EMA (370.49)
LBBL,Lumbini Bikas Bank Ltd.,Development Bank Limited,2023-11-08,2023-11-09,356.51,351.48,-1.41,1,False,Close below 20 EMA (352.98)
LBBL,Lumbini Bikas Bank Ltd.,Development Bank Limited,2023-11-21,2023-11-22,352.79,349.15,-1.03,1,False,Close below 20 EMA (352.30); Close below 200 EMA (350.95)
LBBL,Lumbini Bikas Bank Ltd.,Development Bank Limited,2023-12-08,2023-12-21,353.81,398.62,12.66,9,False,RSI overbought (70.8 >= 70)
LBBL,Lumbini Bikas Bank Ltd.,Development Bank Limited,2024-02-15,2024-02-16,392.23,386.41,-1.48,1,False,Close below 20 EMA (387.53)
LBBL,Lumbini Bikas Bank Ltd.,Development Bank Limited,2024-04-08,2024-04-11,370.49,367.96,-0.68,2,False,Close below 20 EMA (369.24)
LBBL,Lumbini Bikas Bank Ltd.,Development Bank Limited,2024-06-10,2024-06-20,367.96,370.87,0.79,7,False,Close below 20 EMA (371.59)
LBBL,Lumbini Bikas Bank Ltd.,Development Bank Limited,2024-10-03,2024-10-22,462.14,459.61,-0.55,9,False,Close below 20 EMA (467.30)
LBBL,Lumbini Bikas Bank Ltd.,Development Bank Limited,2024-10-25,2024-10-28,464.95,459.22,-1.23,1,False,Close below 20 EMA (465.75)
LBBL,Lumbini Bikas Bank Ltd.,Development Bank Limited,2024-12-12,2024-12-13,492.23,479.61,-2.56,1,False,Close below 20 EMA (491.00)
LBBL,Lumbini Bikas Bank Ltd.,Development Bank Limited,2025-01-23,2025-01-24,464.0,457.9,-1.31,1,False,Close below 20 EMA (465.89)
LBBL,Lumbini Bikas Bank Ltd.,Development Bank Limited,2025-01-29,2025-02-07,455.1,459.0,0.86,5,False,Close below 20 EMA (462.23)
LBBL,Lumbini Bikas Bank Ltd.,Development Bank Limited,2025-02-17,2025-02-18,450.0,455.0,1.11,1,False,Close below 20 EMA (457.64)
LBBL,Lumbini Bikas Bank Ltd.,Development Bank Limited,2025-02-24,2025-02-25,456.0,456.5,0.11,1,False,Close below 20 EMA (457.13)
LBBL,Lumbini Bikas Bank Ltd.,Development Bank Limited,2025-07-11,2025-07-18,442.44,492.67,11.35,5,False,RSI overbought (72.6 >= 70)
LBBL,Lumbini Bikas Bank Ltd.,Development Bank Limited,2025-10-31,2025-11-05,504.0,482.1,-4.35,3,False,Close below 20 EMA (485.59)
LBBL,Lumbini Bikas Bank Ltd.,Development Bank Limited,2026-04-10,2026-04-14,502.9,496.0,-1.37,2,False,Close below 20 EMA (496.75)
LBBL,Lumbini Bikas Bank Ltd.,Development Bank Limited,2026-05-12,2026-05-13,492.9,484.9,-1.62,1,False,Close below 20 EMA (490.36)
LBBL,Lumbini Bikas Bank Ltd.,Development Bank Limited,2026-05-21,2026-05-22,491.0,487.0,-0.81,1,False,Close below 20 EMA (488.22)
LEC,Liberty Energy Company Limited,Hydro Power,2024-10-02,2024-10-03,213.67,206.67,-3.28,1,False,Close below 20 EMA (211.15)
LEC,Liberty Energy Company Limited,Hydro Power,2025-01-07,2025-01-13,211.0,207.3,-1.75,4,False,Close below 20 EMA (208.10)
LEC,Liberty Energy Company Limited,Hydro Power,2025-01-21,2025-01-22,209.0,207.0,-0.96,1,False,Close below 20 EMA (207.66)
LEC,Liberty Energy Company Limited,Hydro Power,2025-02-17,2025-02-19,210.0,205.0,-2.38,2,False,Close below 20 EMA (209.01)
LEC,Liberty Energy Company Limited,Hydro Power,2025-07-10,2025-07-11,215.31,213.74,-0.73,1,False,Close below 20 EMA (214.28)
LEC,Liberty Energy Company Limited,Hydro Power,2026-05-21,2026-05-22,229.6,227.0,-1.13,1,False,Close below 20 EMA (227.15)
LEC,Liberty Energy Company Limited,Hydro Power,2026-06-13,2026-06-16,223.0,223.0,0.0,1,False,Close below 20 EMA (225.48)
LICN,Life Insurance Co. Nepal,Life Insurance,2023-08-11,2023-08-14,773.98,762.89,-1.43,1,False,Close below 20 EMA (764.28)
LICN,Life Insurance Co. Nepal,Life Insurance,2025-02-03,2025-02-06,1000.0,1003.64,0.36,3,False,Close below 20 EMA (1011.02)
LICN,Life Insurance Co. Nepal,Life Insurance,2025-02-12,2025-02-17,1011.0,997.27,-1.36,3,False,Close below 20 EMA (1010.56)
LLBS,Laxmi Laghubitta Bittiya Sanstha Ltd.,Microfinance,2024-08-12,2024-08-13,1237.0,1190.0,-3.8,1,False,Close below 20 EMA (1254.96)
LLBS,Laxmi Laghubitta Bittiya Sanstha Ltd.,Microfinance,2024-08-26,2024-08-28,1220.0,1197.0,-1.89,1,False,Close below 20 EMA (1222.03)
LLBS,Laxmi Laghubitta Bittiya Sanstha Ltd.,Microfinance,2024-09-03,2024-09-04,1193.9,1171.0,-1.92,1,False,Close below 20 EMA (1203.54)
LLBS,Laxmi Laghubitta Bittiya Sanstha Ltd.,Microfinance,2024-10-30,2024-12-10,1069.0,1140.0,6.64,24,False,Close below 20 EMA (1149.77)
LLBS,Laxmi Laghubitta Bittiya Sanstha Ltd.,Microfinance,2025-01-29,2025-02-06,1120.0,1136.1,1.44,4,False,Close below 20 EMA (1138.41)
LSL,Laxmi Sunrise Bank Limited,Commercial Banks,2024-09-26,2024-09-27,204.85,200.86,-1.95,1,False,Close below 20 EMA (207.91)
LSL,Laxmi Sunrise Bank Limited,Commercial Banks,2024-10-02,2024-10-25,211.43,213.76,1.1,13,False,Close below 20 EMA (218.07)
LSL,Laxmi Sunrise Bank Limited,Commercial Banks,2024-12-27,2024-12-30,205.19,206.93,0.85,1,False,Close below 20 EMA (207.24)
LSL,Laxmi Sunrise Bank Limited,Commercial Banks,2025-02-03,2025-02-07,194.27,194.27,0.0,4,False,Close below 20 EMA (194.64)
LSL,Laxmi Sunrise Bank Limited,Commercial Banks,2025-02-10,2025-02-24,196.82,211.82,7.62,9,False,RSI overbought (73.1 >= 70)
LSL,Laxmi Sunrise Bank Limited,Commercial Banks,2025-04-28,2025-04-29,196.65,189.92,-3.42,1,False,Close below 20 EMA (197.11); Close below 200 EMA (193.76)
LSL,Laxmi Sunrise Bank Limited,Commercial Banks,2025-05-21,2025-05-29,194.43,211.48,8.77,6,False,RSI overbought (71.1 >= 70)
LSL,Laxmi Sunrise Bank Limited,Commercial Banks,2025-08-15,2025-08-18,212.53,212.91,0.18,1,False,Close below 20 EMA (213.75)
LSL,Laxmi Sunrise Bank Limited,Commercial Banks,2025-09-08,2025-09-09,211.95,209.61,-1.1,1,False,Close below 20 EMA (212.85)
LSL,Laxmi Sunrise Bank Limited,Commercial Banks,2025-11-06,2025-11-10,206.0,200.64,-2.6,2,False,Close below 20 EMA (203.35); Close below 200 EMA (201.65)
LSL,Laxmi Sunrise Bank Limited,Commercial Banks,2026-05-15,2026-06-05,219.9,222.0,0.95,13,False,Close below 20 EMA (222.36)
LSL,Laxmi Sunrise Bank Limited,Commercial Banks,2026-06-16,2026-06-17,219.5,217.0,-1.14,1,False,Close below 20 EMA (220.21)
LSL,Laxmi Sunrise Bank Limited,Commercial Banks,2026-06-18,2026-06-19,218.0,219.0,0.46,1,False,Close below 20 EMA (219.90)
LSL,Laxmi Sunrise Bank Limited,Commercial Banks,2026-07-02,2026-07-07,219.0,215.0,-1.83,3,False,Close below 20 EMA (218.72)
MAKAR,Makar Jitumaya Suri Hydropower Limited,Hydro Power,2024-03-28,2024-04-04,394.0,390.0,-1.02,5,False,Close below 20 EMA (392.10)
MAKAR,Makar Jitumaya Suri Hydropower Limited,Hydro Power,2024-05-15,2024-05-17,380.7,365.0,-4.12,2,False,Close below 20 EMA (370.06)
MAKAR,Makar Jitumaya Suri Hydropower Limited,Hydro Power,2024-05-20,2024-05-27,366.0,365.0,-0.27,4,False,Close below 20 EMA (371.46)
MAKAR,Makar Jitumaya Suri Hydropower Limited,Hydro Power,2024-05-31,2024-06-26,373.0,471.1,26.3,17,False,RSI overbought (75.8 >= 70)
MAKAR,Makar Jitumaya Suri Hydropower Limited,Hydro Power,2024-10-23,2024-10-31,494.0,590.0,19.43,6,False,RSI overbought (70.0 >= 70)
MAKAR,Makar Jitumaya Suri Hydropower Limited,Hydro Power,2025-01-03,2025-01-14,622.3,632.1,1.57,7,False,Close below 20 EMA (633.36)
MAKAR,Makar Jitumaya Suri Hydropower Limited,Hydro Power,2025-04-16,2025-04-25,725.64,724.68,-0.13,7,False,Close below 20 EMA (727.24)
MAKAR,Makar Jitumaya Suri Hydropower Limited,Hydro Power,2025-05-09,2025-05-12,705.59,696.38,-1.31,1,False,Close below 20 EMA (715.25)
MAKAR,Makar Jitumaya Suri Hydropower Limited,Hydro Power,2025-06-10,2025-06-16,632.2,630.01,-0.35,4,False,Close below 20 EMA (642.10); Close below 200 EMA (632.43)
MAKAR,Makar Jitumaya Suri Hydropower Limited,Hydro Power,2025-08-08,2025-08-13,649.72,622.36,-4.21,2,False,Close below 20 EMA (635.48); Close below 200 EMA (630.72)
MANDU,Mandu Hydropower Ltd.,Hydro Power,2024-10-09,2024-10-18,950.0,942.0,-0.84,4,False,Close below 20 EMA (946.20)
MANDU,Mandu Hydropower Ltd.,Hydro Power,2024-11-11,2024-12-02,926.0,960.0,3.67,14,False,Close below 20 EMA (966.55)
MANDU,Mandu Hydropower Ltd.,Hydro Power,2025-01-17,2025-02-11,912.0,951.0,4.28,15,False,Close below 20 EMA (959.29)
MANDU,Mandu Hydropower Ltd.,Hydro Power,2025-02-28,2025-03-06,958.0,957.0,-0.1,4,False,Close below 20 EMA (963.86)
MANDU,Mandu Hydropower Ltd.,Hydro Power,2026-04-10,2026-04-17,840.0,816.1,-2.85,4,False,Close below 20 EMA (833.05); Close below 200 EMA (839.38)
MBJC,Madhya Bhotekoshi Jalavidyut Company Limited,Hydro Power,2023-05-19,2023-05-31,291.5,288.0,-1.2,6,False,Close below 20 EMA (290.72)
MBJC,Madhya Bhotekoshi Jalavidyut Company Limited,Hydro Power,2023-07-24,2023-07-25,310.0,303.0,-2.26,1,False,Close below 20 EMA (310.39)
MBJC,Madhya Bhotekoshi Jalavidyut Company Limited,Hydro Power,2024-04-19,2024-04-22,315.0,305.0,-3.17,1,False,Close below 20 EMA (310.19)
MBJC,Madhya Bhotekoshi Jalavidyut Company Limited,Hydro Power,2024-05-21,2024-05-30,300.0,297.5,-0.83,5,False,Close below 20 EMA (300.05); Close below 200 EMA (299.53)
MBJC,Madhya Bhotekoshi Jalavidyut Company Limited,Hydro Power,2024-06-04,2024-06-10,306.0,300.0,-1.96,4,False,Close below 20 EMA (300.41)
MBJC,Madhya Bhotekoshi Jalavidyut Company Limited,Hydro Power,2024-07-04,2024-07-08,303.0,300.0,-0.99,2,False,Close below 20 EMA (300.10)
MBJC,Madhya Bhotekoshi Jalavidyut Company Limited,Hydro Power,2024-10-17,2024-10-18,346.0,341.0,-1.45,1,False,Close below 20 EMA (342.94)
MBJC,Madhya Bhotekoshi Jalavidyut Company Limited,Hydro Power,2024-10-29,2024-10-31,328.0,332.2,1.28,2,False,Close below 20 EMA (334.28)
MBJC,Madhya Bhotekoshi Jalavidyut Company Limited,Hydro Power,2024-11-06,2024-12-09,341.0,362.0,6.16,21,False,Close below 20 EMA (367.56)
MBJC,Madhya Bhotekoshi Jalavidyut Company Limited,Hydro Power,2025-01-07,2025-01-10,345.0,341.0,-1.16,3,False,Close below 20 EMA (343.93)
MBJC,Madhya Bhotekoshi Jalavidyut Company Limited,Hydro Power,2025-01-16,2025-01-17,348.9,341.0,-2.26,1,False,Close below 20 EMA (343.25)
MBL,Machhapuchchhre Bank Limited,Commercial Banks,2024-12-12,2024-12-13,242.31,235.58,-2.78,1,False,Close below 20 EMA (244.84)
MBL,Machhapuchchhre Bank Limited,Commercial Banks,2025-01-07,2025-01-08,227.88,228.85,0.43,1,False,Close below 20 EMA (230.00)
MBL,Machhapuchchhre Bank Limited,Commercial Banks,2025-04-04,2025-04-08,221.9,217.39,-2.03,1,False,Close below 20 EMA (219.73); Close below 200 EMA (219.87)
MBL,Machhapuchchhre Bank Limited,Commercial Banks,2025-04-18,2025-04-22,221.27,217.2,-1.84,2,False,Close below 20 EMA (219.16); Close below 200 EMA (219.78)
MBL,Machhapuchchhre Bank Limited,Commercial Banks,2026-02-24,2026-03-09,226.9,255.6,12.65,6,False,RSI overbought (78.6 >= 70)
MBL,Machhapuchchhre Bank Limited,Commercial Banks,2026-06-10,2026-06-11,249.0,250.0,0.4,1,False,Close below 20 EMA (250.68)
MBL,Machhapuchchhre Bank Limited,Commercial Banks,2026-07-08,2026-07-09,248.0,245.0,-1.21,1,False,Close below 20 EMA (246.32)
MBL,Machhapuchchhre Bank Limited,Commercial Banks,2026-07-10,2026-07-14,245.0,243.8,-0.49,2,False,Close below 20 EMA (245.89)
MBL,Machhapuchchhre Bank Limited,Commercial Banks,2026-08-18,2026-08-19,250.0,247.6,-0.96,1,False,Close below 20 EMA (252.91)
MCHL,Menchhiyam Hydropower Limited,Hydro Power,2024-10-25,2024-11-13,490.0,592.9,21.0,9,False,RSI overbought (72.6 >= 70)
MCHL,Menchhiyam Hydropower Limited,Hydro Power,2024-12-18,2024-12-19,573.9,578.0,0.71,1,False,Close below 20 EMA (579.83)
MCHL,Menchhiyam Hydropower Limited,Hydro Power,2025-03-31,2025-04-02,598.04,586.46,-1.94,1,False,Close below 20 EMA (595.34)
MCHL,Menchhiyam Hydropower Limited,Hydro Power,2025-04-11,2025-04-30,607.3,600.95,-1.05,12,False,Close below 20 EMA (612.79)
MCHL,Menchhiyam Hydropower Limited,Hydro Power,2025-06-10,2025-06-12,576.89,561.42,-2.68,2,False,Close below 20 EMA (568.52)
MDB,Miteri Development Bank Limited,Development Bank Limited,2023-02-27,2023-02-28,316.9,314.4,-0.79,1,False,Close below 20 EMA (320.39)
MDB,Miteri Development Bank Limited,Development Bank Limited,2023-03-24,2023-03-29,306.89,307.64,0.24,3,False,Close below 20 EMA (308.10)
MDB,Miteri Development Bank Limited,Development Bank Limited,2023-04-19,2023-04-21,311.9,304.47,-2.38,2,False,Close below 20 EMA (306.45); Close below 200 EMA (304.52)
MDB,Miteri Development Bank Limited,Development Bank Limited,2023-06-01,2023-06-02,305.23,305.23,0.0,1,False,Close below 20 EMA (308.43)
MDB,Miteri Development Bank Limited,Development Bank Limited,2023-10-09,2023-10-10,335.83,331.91,-1.17,1,False,Close below 20 EMA (339.81)
MDB,Miteri Development Bank Limited,Development Bank Limited,2023-11-09,2023-11-10,327.15,325.24,-0.58,1,False,Close below 20 EMA (331.08)
MDB,Miteri Development Bank Limited,Development Bank Limited,2023-11-21,2023-11-22,335.25,331.0,-1.27,1,False,Close below 20 EMA (331.43)
MDB,Miteri Development Bank Limited,Development Bank Limited,2024-10-02,2024-10-03,585.8,580.78,-0.86,1,False,Close below 20 EMA (595.35)
MDB,Miteri Development Bank Limited,Development Bank Limited,2024-10-08,2024-10-09,596.3,584.43,-1.99,1,False,Close below 20 EMA (593.83)
MDB,Miteri Development Bank Limited,Development Bank Limited,2024-10-30,2024-11-06,593.56,587.17,-1.08,2,False,Close below 20 EMA (587.19)
MDB,Miteri Development Bank Limited,Development Bank Limited,2025-01-28,2025-03-05,657.0,699.0,6.39,22,False,Close below 20 EMA (705.78)
MDB,Miteri Development Bank Limited,Development Bank Limited,2025-03-31,2025-04-02,646.29,631.06,-2.36,1,False,Close below 20 EMA (651.40)
MDB,Miteri Development Bank Limited,Development Bank Limited,2025-04-16,2025-04-17,629.01,629.55,0.09,1,False,Close below 20 EMA (633.39)
MDB,Miteri Development Bank Limited,Development Bank Limited,2025-05-14,2025-05-15,610.03,610.87,0.14,1,False,Close below 20 EMA (614.80)
MDB,Miteri Development Bank Limited,Development Bank Limited,2025-09-24,2025-09-25,617.0,612.0,-0.81,1,False,Close below 20 EMA (616.06); Close below 200 EMA (614.04)
MEHL,Manakamana Engineering Hydropower Limited,Hydro Power,2024-09-26,2024-09-27,375.0,372.4,-0.69,1,False,Close below 20 EMA (377.18)
MEHL,Manakamana Engineering Hydropower Limited,Hydro Power,2024-10-02,2024-10-03,379.0,372.0,-1.85,1,False,Close below 20 EMA (374.81)
MEHL,Manakamana Engineering Hydropower Limited,Hydro Power,2025-03-31,2025-04-03,559.66,558.49,-0.21,2,False,Close below 20 EMA (566.88)
MEHL,Manakamana Engineering Hydropower Limited,Hydro Power,2025-04-16,2025-04-21,536.43,539.36,0.55,3,False,Close below 20 EMA (546.60)
MEHL,Manakamana Engineering Hydropower Limited,Hydro Power,2025-08-12,2025-08-13,460.33,447.62,-2.76,1,False,Close below 20 EMA (452.30); Close below 200 EMA (458.56)
MEL,Modi Energy Limited,Hydro Power,2024-05-22,2024-05-23,232.0,230.5,-0.65,1,False,Close below 20 EMA (230.64)
MEL,Modi Energy Limited,Hydro Power,2024-05-31,2024-06-03,228.0,227.2,-0.35,1,False,Close below 20 EMA (229.29)
MEL,Modi Energy Limited,Hydro Power,2024-06-11,2024-06-17,226.0,227.1,0.49,4,False,Close below 20 EMA (227.91)
MEL,Modi Energy Limited,Hydro Power,2024-07-10,2024-07-17,223.8,251.0,12.15,5,False,RSI overbought (75.0 >= 70)
MEL,Modi Energy Limited,Hydro Power,2024-10-30,2024-10-31,297.0,290.0,-2.36,1,False,Close below 20 EMA (292.97)
MEL,Modi Energy Limited,Hydro Power,2024-11-26,2024-12-09,309.0,313.8,1.55,9,False,Close below 20 EMA (314.66)
MEL,Modi Energy Limited,Hydro Power,2025-03-31,2025-04-02,331.36,327.09,-1.29,1,False,Close below 20 EMA (330.83)
MEL,Modi Energy Limited,Hydro Power,2025-04-22,2025-04-23,315.38,312.25,-0.99,1,False,Close below 20 EMA (319.68)
MEL,Modi Energy Limited,Hydro Power,2025-05-08,2025-05-15,311.71,310.1,-0.52,4,False,Close below 20 EMA (313.20)
MEN,Mountain Energy Nepal Limited,Hydro Power,2023-09-14,2023-09-18,576.56,548.33,-4.9,1,False,Close below 20 EMA (561.33)
MEN,Mountain Energy Nepal Limited,Hydro Power,2023-09-22,2023-09-25,560.81,543.17,-3.15,1,False,Close below 20 EMA (558.32)
MEN,Mountain Energy Nepal Limited,Hydro Power,2023-09-27,2023-09-28,550.09,541.91,-1.49,1,False,Close below 20 EMA (554.57)
MEN,Mountain Energy Nepal Limited,Hydro Power,2024-10-07,2024-10-21,463.84,468.12,0.92,7,False,Close below 20 EMA (469.18)
MEN,Mountain Energy Nepal Limited,Hydro Power,2025-03-31,2025-04-02,487.92,488.2,0.06,1,False,Close below 20 EMA (491.27)
MEN,Mountain Energy Nepal Limited,Hydro Power,2025-04-03,2025-04-08,490.13,487.36,-0.57,2,False,Close below 20 EMA (490.90)
MEN,Mountain Energy Nepal Limited,Hydro Power,2025-04-14,2025-04-16,486.4,485.94,-0.09,1,False,Close below 20 EMA (488.30); Close below 200 EMA (486.03)
MEN,Mountain Energy Nepal Limited,Hydro Power,2025-04-17,2025-04-21,490.26,486.94,-0.68,2,False,Close below 20 EMA (488.69)
MEN,Mountain Energy Nepal Limited,Hydro Power,2025-09-22,2025-09-25,515.12,517.5,0.46,2,False,Close below 20 EMA (517.97)
MEN,Mountain Energy Nepal Limited,Hydro Power,2026-04-01,2026-04-02,604.2,599.9,-0.71,1,False,Close below 20 EMA (610.49)
MERO,Meromicrofinance Laghubitta Bittiya Sanstha Ltd.,Microfinance,2024-10-02,2024-10-03,674.92,655.38,-2.9,1,False,Close below 20 EMA (676.07)
MERO,Meromicrofinance Laghubitta Bittiya Sanstha Ltd.,Microfinance,2024-12-30,2025-01-02,650.94,649.16,-0.27,2,False,Close below 20 EMA (654.00)
MERO,Meromicrofinance Laghubitta Bittiya Sanstha Ltd.,Microfinance,2025-01-07,2025-01-08,645.35,641.62,-0.58,1,False,Close below 20 EMA (650.96); Close below 200 EMA (644.63)
MERO,Meromicrofinance Laghubitta Bittiya Sanstha Ltd.,Microfinance,2025-01-09,2025-01-10,661.58,648.11,-2.04,1,False,Close below 20 EMA (651.60)
MERO,Meromicrofinance Laghubitta Bittiya Sanstha Ltd.,Microfinance,2025-04-04,2025-04-08,691.22,684.11,-1.03,1,False,Close below 20 EMA (696.85)
MERO,Meromicrofinance Laghubitta Bittiya Sanstha Ltd.,Microfinance,2025-10-29,2025-10-30,736.99,735.08,-0.26,1,False,Close below 20 EMA (746.79)
MERO,Meromicrofinance Laghubitta Bittiya Sanstha Ltd.,Microfinance,2025-11-03,2025-11-04,776.13,752.27,-3.07,1,False,Close below 20 EMA (752.78)
MERO,Meromicrofinance Laghubitta Bittiya Sanstha Ltd.,Microfinance,2026-03-20,2026-03-24,745.0,860.0,15.44,2,False,RSI overbought (78.5 >= 70)
MFIL,Manjushree Finance Ltd.,Finance,2023-10-03,2023-10-04,517.0,510.1,-1.33,1,False,Close below 20 EMA (521.40)
MFIL,Manjushree Finance Ltd.,Finance,2023-10-05,2023-10-06,519.0,519.0,0.0,1,False,Close below 20 EMA (520.97)
MFIL,Manjushree Finance Ltd.,Finance,2023-11-22,2023-12-04,510.0,489.0,-4.12,8,False,Close below 20 EMA (511.98); Close below 200 EMA (491.56)
MFIL,Manjushree Finance Ltd.,Finance,2024-02-15,2024-02-19,527.1,511.6,-2.94,2,False,Close below 20 EMA (517.90)
MFIL,Manjushree Finance Ltd.,Finance,2024-03-07,2024-03-27,507.0,517.0,1.97,12,False,Close below 20 EMA (518.20)
MFIL,Manjushree Finance Ltd.,Finance,2024-04-08,2024-04-11,520.0,505.0,-2.88,2,False,Close below 20 EMA (511.66); Close below 200 EMA (506.57)
MFIL,Manjushree Finance Ltd.,Finance,2024-06-12,2024-06-25,510.2,563.0,10.35,8,False,RSI overbought (76.6 >= 70)
MFIL,Manjushree Finance Ltd.,Finance,2024-11-25,2024-11-29,755.0,768.0,1.72,4,False,Close below 20 EMA (769.43)
MFIL,Manjushree Finance Ltd.,Finance,2025-01-08,2025-01-10,665.0,672.0,1.05,2,False,Close below 20 EMA (677.04)
MFIL,Manjushree Finance Ltd.,Finance,2025-02-17,2025-02-19,657.0,649.0,-1.22,2,False,Close below 200 EMA (650.08)
MFIL,Manjushree Finance Ltd.,Finance,2026-05-09,2026-05-19,798.0,785.0,-1.63,6,False,Close below 20 EMA (792.29)
MFIL,Manjushree Finance Ltd.,Finance,2026-05-21,2026-05-27,809.9,794.0,-1.96,4,False,Close below 20 EMA (795.76)
MFIL,Manjushree Finance Ltd.,Finance,2026-06-06,2026-06-09,804.9,790.0,-1.85,1,False,Close below 20 EMA (794.44)
MFIL,Manjushree Finance Ltd.,Finance,2026-06-27,2026-06-30,790.0,775.5,-1.84,1,False,Close below 20 EMA (783.30)
MFIL,Manjushree Finance Ltd.,Finance,2026-07-04,2026-07-07,774.0,773.0,-0.13,1,False,Close below 20 EMA (779.81)
MFIL,Manjushree Finance Ltd.,Finance,2026-07-08,2026-07-09,774.5,769.8,-0.61,1,False,Close below 20 EMA (778.40)
MFIL,Manjushree Finance Ltd.,Finance,2026-07-10,2026-07-11,772.0,775.0,0.39,1,False,Close below 20 EMA (777.52)
MFIL,Manjushree Finance Ltd.,Finance,2026-07-15,2026-07-17,767.8,772.0,0.55,2,False,Close below 20 EMA (775.65)
MFIL,Manjushree Finance Ltd.,Finance,2026-08-06,2026-08-08,773.0,775.0,0.26,2,False,Close below 20 EMA (783.57)
MHCL,Molung Hydropower Company Limited,Hydro Power,2024-03-06,2024-03-07,546.0,493.0,-9.71,1,False,Close below 20 EMA (532.06)
MHCL,Molung Hydropower Company Limited,Hydro Power,2024-05-15,2024-05-17,389.0,382.0,-1.8,2,False,Close below 20 EMA (385.84)
MHCL,Molung Hydropower Company Limited,Hydro Power,2024-05-20,2024-05-21,389.0,383.9,-1.31,1,False,Close below 20 EMA (385.93)
MHCL,Molung Hydropower Company Limited,Hydro Power,2024-05-22,2024-05-30,399.0,382.9,-4.04,4,False,Close below 20 EMA (388.06)
MHCL,Molung Hydropower Company Limited,Hydro Power,2024-06-03,2024-06-05,389.0,387.0,-0.51,2,False,Close below 20 EMA (387.49)
MHCL,Molung Hydropower Company Limited,Hydro Power,2024-06-10,2024-06-24,390.0,400.1,2.59,9,False,Close below 20 EMA (401.71)
MHCL,Molung Hydropower Company Limited,Hydro Power,2025-04-17,2025-04-21,513.87,523.76,1.92,2,False,Close below 20 EMA (524.28)
MHCL,Molung Hydropower Company Limited,Hydro Power,2025-04-22,2025-04-24,533.99,516.57,-3.26,2,False,Close below 20 EMA (525.13)
MHL,Mandakini Hydropower Limited,Hydro Power,2024-03-08,2024-03-14,376.1,382.86,1.8,3,False,Close below 20 EMA (383.11)
MHL,Mandakini Hydropower Limited,Hydro Power,2024-03-28,2024-04-04,382.86,387.33,1.17,5,False,Close below 20 EMA (388.53)
MHL,Mandakini Hydropower Limited,Hydro Power,2024-05-20,2024-06-06,382.57,406.67,6.3,11,False,Close below 20 EMA (409.45)
MHL,Mandakini Hydropower Limited,Hydro Power,2025-01-16,2025-01-22,850.0,1006.5,18.41,4,False,RSI overbought (71.2 >= 70)
MHL,Mandakini Hydropower Limited,Hydro Power,2025-02-21,2025-02-24,877.2,857.0,-2.3,1,False,Close below 20 EMA (869.56)
MHL,Mandakini Hydropower Limited,Hydro Power,2025-02-26,2025-02-28,857.0,849.0,-0.93,1,False,Close below 20 EMA (864.31)
MHNL,Mountain Hydro Nepal Limited,Hydro Power,2023-03-10,2023-03-13,305.0,301.9,-1.02,1,False,Close below 20 EMA (305.31)
MHNL,Mountain Hydro Nepal Limited,Hydro Power,2024-06-26,2024-06-27,248.9,240.9,-3.21,1,False,Close below 20 EMA (243.40)
MHNL,Mountain Hydro Nepal Limited,Hydro Power,2024-10-30,2024-11-07,270.0,269.1,-0.33,3,False,Close below 20 EMA (269.33)
MHNL,Mountain Hydro Nepal Limited,Hydro Power,2025-04-17,2025-04-30,271.06,266.64,-1.63,9,False,Close below 20 EMA (268.64); Close below 200 EMA (267.86)
MHNL,Mountain Hydro Nepal Limited,Hydro Power,2026-06-03,2026-06-04,269.0,267.0,-0.74,1,False,Close below 20 EMA (270.10); Close below 200 EMA (267.53)
MKCL,Muktinath Krishi Company Limited,Others,2025-01-20,2025-01-21,1381.48,1382.41,0.07,1,False,Close below 20 EMA (1388.47)
MKCL,Muktinath Krishi Company Limited,Others,2025-04-04,2025-04-09,1523.57,1490.23,-2.19,2,False,Close below 20 EMA (1501.52)
MKCL,Muktinath Krishi Company Limited,Others,2025-04-23,2025-04-24,1501.37,1472.72,-1.91,1,False,Close below 20 EMA (1506.08)
MKCL,Muktinath Krishi Company Limited,Others,2025-05-23,2025-06-04,1442.58,1402.52,-2.78,6,False,Close below 20 EMA (1418.46)
MKCL,Muktinath Krishi Company Limited,Others,2025-09-24,2025-09-25,1440.65,1409.26,-2.18,1,False,Close below 20 EMA (1455.20)
MKCL,Muktinath Krishi Company Limited,Others,2026-01-19,2026-01-30,1399.0,1410.1,0.79,8,False,Close below 20 EMA (1414.10)
MKHC,Maya Khola Hydropower Company Limited,Hydro Power,2024-03-08,2024-03-19,295.6,295.0,-0.2,6,False,Close below 20 EMA (296.25)
MKHC,Maya Khola Hydropower Company Limited,Hydro Power,2024-05-15,2024-05-16,315.9,309.4,-2.06,1,False,Close below 20 EMA (315.25)
MKHC,Maya Khola Hydropower Company Limited,Hydro Power,2024-05-21,2024-05-27,307.0,308.0,0.33,3,False,Close below 20 EMA (313.58)
MKHC,Maya Khola Hydropower Company Limited,Hydro Power,2024-05-30,2024-06-07,314.6,314.1,-0.16,6,False,Close below 20 EMA (317.36)
MKHC,Maya Khola Hydropower Company Limited,Hydro Power,2025-03-31,2025-04-02,532.8,518.3,-2.72,1,False,Close below 20 EMA (541.64)
MKHC,Maya Khola Hydropower Company Limited,Hydro Power,2025-04-18,2025-04-21,508.2,504.39,-0.75,1,False,Close below 20 EMA (519.42)
MKHC,Maya Khola Hydropower Company Limited,Hydro Power,2025-04-22,2025-04-23,515.47,509.3,-1.2,1,False,Close below 20 EMA (518.12)
MKHL,Mai Khola Hydropower Limited,Hydro Power,2024-05-10,2024-05-13,425.0,417.8,-1.69,1,False,Close below 20 EMA (430.24)
MKHL,Mai Khola Hydropower Limited,Hydro Power,2024-05-31,2024-06-10,435.0,443.0,1.84,6,False,Close below 20 EMA (444.89)
MKHL,Mai Khola Hydropower Limited,Hydro Power,2024-10-08,2024-10-09,506.9,490.0,-3.33,1,False,Close below 20 EMA (507.84)
MKHL,Mai Khola Hydropower Limited,Hydro Power,2024-10-17,2024-10-22,530.0,496.0,-6.42,3,False,Close below 20 EMA (509.49)
MKHL,Mai Khola Hydropower Limited,Hydro Power,2024-10-24,2024-10-25,493.0,496.0,0.61,1,False,Close below 20 EMA (505.97)
MKHL,Mai Khola Hydropower Limited,Hydro Power,2025-03-17,2025-03-18,695.0,695.0,0.0,1,False,Close below 20 EMA (704.37)
MKHL,Mai Khola Hydropower Limited,Hydro Power,2025-04-08,2025-04-09,685.83,673.89,-1.74,1,False,Close below 20 EMA (694.11)
MKHL,Mai Khola Hydropower Limited,Hydro Power,2025-04-22,2025-04-24,675.29,670.98,-0.64,2,False,Close below 20 EMA (682.73)
MKHL,Mai Khola Hydropower Limited,Hydro Power,2025-04-25,2025-05-07,672.53,729.57,8.48,7,False,RSI overbought (70.6 >= 70)
MKHL,Mai Khola Hydropower Limited,Hydro Power,2025-06-30,2025-07-01,727.53,732.75,0.72,1,False,Close below 20 EMA (736.83)
MKHL,Mai Khola Hydropower Limited,Hydro Power,2025-09-22,2025-09-24,773.12,785.0,1.54,1,False,Close below 20 EMA (791.06)
MKHL,Mai Khola Hydropower Limited,Hydro Power,2025-09-26,2025-10-08,811.0,745.0,-8.14,2,False,Close below 20 EMA (789.14)
MKHL,Mai Khola Hydropower Limited,Hydro Power,2025-12-18,2025-12-23,817.0,800.0,-2.08,3,False,Close below 20 EMA (803.74)
MKHL,Mai Khola Hydropower Limited,Hydro Power,2025-12-25,2026-01-01,788.9,785.0,-0.49,3,False,Close below 20 EMA (798.09)
MKHL,Mai Khola Hydropower Limited,Hydro Power,2026-01-06,2026-01-08,789.0,783.6,-0.68,2,False,Close below 20 EMA (794.11)
MKHL,Mai Khola Hydropower Limited,Hydro Power,2026-01-09,2026-01-14,800.0,774.0,-3.25,2,False,Close below 20 EMA (792.82)
MKHL,Mai Khola Hydropower Limited,Hydro Power,2026-01-15,2026-01-23,795.0,792.0,-0.38,4,False,Close below 20 EMA (795.12)
MKHL,Mai Khola Hydropower Limited,Hydro Power,2026-02-13,2026-02-17,809.0,811.0,0.25,1,False,Close below 20 EMA (825.38)
MKHL,Mai Khola Hydropower Limited,Hydro Power,2026-03-26,2026-03-31,798.0,770.0,-3.51,3,False,Close below 20 EMA (808.35); Close below 200 EMA (773.54)
MKHL,Mai Khola Hydropower Limited,Hydro Power,2026-04-10,2026-04-11,792.0,760.0,-4.04,1,False,Close below 20 EMA (779.57); Close below 200 EMA (772.27)
MKJC,Mailung Khola Jal Vidhyut Company Limited,Hydro Power,2024-04-02,2024-04-03,470.0,470.0,0.0,1,False,Close below 20 EMA (475.90)
MKJC,Mailung Khola Jal Vidhyut Company Limited,Hydro Power,2024-04-11,2024-04-15,460.0,462.0,0.43,1,False,Close below 20 EMA (469.17)
MKJC,Mailung Khola Jal Vidhyut Company Limited,Hydro Power,2024-05-01,2024-05-03,448.0,445.8,-0.49,1,False,Close below 20 EMA (452.47)
MKJC,Mailung Khola Jal Vidhyut Company Limited,Hydro Power,2024-05-07,2024-05-08,442.8,434.0,-1.99,1,False,Close below 20 EMA (448.05)
MKJC,Mailung Khola Jal Vidhyut Company Limited,Hydro Power,2024-05-15,2024-05-17,449.0,431.0,-4.01,2,False,Close below 20 EMA (440.07)
MKJC,Mailung Khola Jal Vidhyut Company Limited,Hydro Power,2024-05-20,2024-06-24,444.8,594.0,33.54,22,False,RSI overbought (73.0 >= 70)
MKJC,Mailung Khola Jal Vidhyut Company Limited,Hydro Power,2024-07-31,2024-08-06,605.0,590.1,-2.46,3,False,Close below 20 EMA (596.69)
MKJC,Mailung Khola Jal Vidhyut Company Limited,Hydro Power,2025-01-06,2025-02-14,534.8,586.6,9.69,26,False,Close below 20 EMA (587.86)
MKJC,Mailung Khola Jal Vidhyut Company Limited,Hydro Power,2025-04-03,2025-04-04,554.88,546.24,-1.56,1,False,Close below 20 EMA (550.92)
MKJC,Mailung Khola Jal Vidhyut Company Limited,Hydro Power,2025-04-09,2025-04-21,558.17,555.02,-0.56,7,False,Close below 20 EMA (557.68)
MKJC,Mailung Khola Jal Vidhyut Company Limited,Hydro Power,2025-09-22,2025-10-10,578.44,586.0,1.31,7,False,Close below 20 EMA (587.44)
MKJC,Mailung Khola Jal Vidhyut Company Limited,Hydro Power,2025-11-28,2025-12-01,552.0,544.0,-1.45,1,False,Close below 20 EMA (550.44); Close below 200 EMA (548.80)
MLBBL,Mithila Laghubitta Bittiya Sanstha Ltd.,Microfinance,2024-12-25,2025-01-27,1319.23,1527.35,15.78,20,False,RSI overbought (75.2 >= 70)
MLBBL,Mithila Laghubitta Bittiya Sanstha Ltd.,Microfinance,2025-03-07,2025-03-10,1495.75,1462.58,-2.22,1,False,Close below 20 EMA (1518.17)
MLBBL,Mithila Laghubitta Bittiya Sanstha Ltd.,Microfinance,2025-05-20,2025-06-04,1294.54,1284.2,-0.8,9,False,Close below 20 EMA (1301.56)
MLBBL,Mithila Laghubitta Bittiya Sanstha Ltd.,Microfinance,2025-08-26,2025-08-29,1380.32,1350.04,-2.19,3,False,Close below 20 EMA (1366.97)
MLBBL,Mithila Laghubitta Bittiya Sanstha Ltd.,Microfinance,2026-03-20,2026-03-30,1357.0,1348.0,-0.66,6,False,Close below 20 EMA (1363.80)
MLBL,Mahalaxmi Bikas Bank Ltd.,Development Bank Limited,2024-03-11,2024-03-26,302.36,300.6,-0.58,9,False,Close below 20 EMA (305.19); Close below 200 EMA (301.19)
MLBL,Mahalaxmi Bikas Bank Ltd.,Development Bank Limited,2024-04-30,2024-05-06,302.27,298.66,-1.19,3,False,Close below 20 EMA (299.68); Close below 200 EMA (300.57)
MLBL,Mahalaxmi Bikas Bank Ltd.,Development Bank Limited,2024-06-25,2024-06-26,301.43,300.32,-0.37,1,False,Close below 200 EMA (300.86)
MLBL,Mahalaxmi Bikas Bank Ltd.,Development Bank Limited,2024-10-30,2024-10-31,375.22,367.09,-2.17,1,False,Close below 20 EMA (372.48)
MLBL,Mahalaxmi Bikas Bank Ltd.,Development Bank Limited,2025-01-09,2025-01-10,369.52,361.9,-2.06,1,False,Close below 20 EMA (363.32)
MLBL,Mahalaxmi Bikas Bank Ltd.,Development Bank Limited,2025-01-23,2025-01-24,359.05,350.67,-2.33,1,False,Close below 20 EMA (356.31); Close below 200 EMA (353.31)
MLBL,Mahalaxmi Bikas Bank Ltd.,Development Bank Limited,2025-05-12,2025-05-19,368.58,365.89,-0.73,4,False,Close below 20 EMA (367.67)
MLBL,Mahalaxmi Bikas Bank Ltd.,Development Bank Limited,2025-06-10,2025-06-13,372.73,370.49,-0.6,3,False,Close below 20 EMA (370.80)
MLBL,Mahalaxmi Bikas Bank Ltd.,Development Bank Limited,2025-08-28,2025-08-29,389.72,378.76,-2.81,1,False,Close below 20 EMA (383.52)
MLBL,Mahalaxmi Bikas Bank Ltd.,Development Bank Limited,2026-02-06,2026-02-09,372.0,370.0,-0.54,1,False,Close below 20 EMA (371.97)
MLBS,Manushi Laghubitta Bittiya Sanstha Limited,Microfinance,2024-08-09,2024-08-14,1391.0,1398.1,0.51,3,False,Close below 20 EMA (1412.08)
MLBS,Manushi Laghubitta Bittiya Sanstha Limited,Microfinance,2024-10-24,2024-10-25,1600.0,1550.0,-3.12,1,False,Close below 20 EMA (1619.33)
MLBS,Manushi Laghubitta Bittiya Sanstha Limited,Microfinance,2024-10-28,2024-10-29,1585.0,1590.0,0.32,1,False,Close below 20 EMA (1613.58)
MLBS,Manushi Laghubitta Bittiya Sanstha Limited,Microfinance,2024-12-30,2025-01-01,2160.0,2025.1,-6.25,1,False,Close below 20 EMA (2119.03)
MLBS,Manushi Laghubitta Bittiya Sanstha Limited,Microfinance,2025-01-07,2025-01-09,2110.0,2077.0,-1.56,2,False,Close below 20 EMA (2093.57)
MLBS,Manushi Laghubitta Bittiya Sanstha Limited,Microfinance,2025-04-29,2025-04-30,1769.71,1718.08,-2.92,1,False,Close below 20 EMA (1755.29); Close below 200 EMA (1761.27)
MLBSL,Mahila Laghubitta Bittiya Sanstha Limited,Microfinance,2023-02-06,2023-02-21,2752.54,2738.0,-0.53,9,False,Close below 20 EMA (2760.31)
MLBSL,Mahila Laghubitta Bittiya Sanstha Limited,Microfinance,2024-08-08,2024-08-09,2070.0,2070.1,0.0,1,False,Close below 20 EMA (2073.48)
MLBSL,Mahila Laghubitta Bittiya Sanstha Limited,Microfinance,2024-10-18,2024-10-21,2059.0,2040.0,-0.92,1,False,Close below 20 EMA (2049.11)
MLBSL,Mahila Laghubitta Bittiya Sanstha Limited,Microfinance,2025-04-25,2025-04-28,2246.35,2216.62,-1.32,1,False,Close below 20 EMA (2250.75)
MLBSL,Mahila Laghubitta Bittiya Sanstha Limited,Microfinance,2025-05-14,2025-05-15,2201.98,2197.76,-0.19,1,False,Close below 20 EMA (2210.16)
MLBSL,Mahila Laghubitta Bittiya Sanstha Limited,Microfinance,2025-08-06,2025-08-12,2304.84,2288.16,-0.72,3,False,Close below 20 EMA (2301.66)
MMKJL,Mathillo Mailun Khola Jalvidhyut Limited,Hydro Power,2024-09-27,2024-09-30,515.0,499.9,-2.93,1,False,Close below 20 EMA (521.38)
MMKJL,Mathillo Mailun Khola Jalvidhyut Limited,Hydro Power,2024-10-07,2024-10-08,499.1,500.0,0.18,1,False,Close below 20 EMA (513.59)
MMKJL,Mathillo Mailun Khola Jalvidhyut Limited,Hydro Power,2024-10-17,2024-11-14,517.1,630.0,21.83,16,False,RSI overbought (70.3 >= 70)
MMKJL,Mathillo Mailun Khola Jalvidhyut Limited,Hydro Power,2025-04-18,2025-04-21,693.59,671.02,-3.25,1,False,Close below 20 EMA (687.47)
MMKJL,Mathillo Mailun Khola Jalvidhyut Limited,Hydro Power,2026-01-29,2026-01-30,608.9,604.5,-0.72,1,False,Close below 200 EMA (605.78)
MNBBL,Muktinath Bikas Bank Ltd.,Development Bank Limited,2023-02-27,2023-02-28,321.84,321.03,-0.25,1,False,Close below 20 EMA (324.38)
MNBBL,Muktinath Bikas Bank Ltd.,Development Bank Limited,2023-03-24,2023-03-27,320.07,316.22,-1.2,1,False,Close below 20 EMA (317.73); Close below 200 EMA (316.77)
MNBBL,Muktinath Bikas Bank Ltd.,Development Bank Limited,2023-03-28,2023-03-31,321.03,316.86,-1.3,3,False,Close below 20 EMA (318.12)
MNBBL,Muktinath Bikas Bank Ltd.,Development Bank Limited,2023-04-12,2023-04-18,317.02,315.01,-0.63,4,False,Close below 20 EMA (317.33); Close below 200 EMA (316.74)
MNBBL,Muktinath Bikas Bank Ltd.,Development Bank Limited,2023-06-05,2023-06-06,316.22,311.72,-1.42,1,False,Close below 20 EMA (312.11); Close below 200 EMA (315.41)
MNBBL,Muktinath Bikas Bank Ltd.,Development Bank Limited,2024-02-15,2024-02-16,324.14,323.26,-0.27,1,False,Close below 20 EMA (326.37)
MNBBL,Muktinath Bikas Bank Ltd.,Development Bank Limited,2024-03-13,2024-03-22,319.3,317.98,-0.41,7,False,Close below 20 EMA (317.99); Close below 200 EMA (318.54)
MNBBL,Muktinath Bikas Bank Ltd.,Development Bank Limited,2024-10-30,2024-11-06,353.21,348.1,-1.45,2,False,Close below 20 EMA (349.25)
MNBBL,Muktinath Bikas Bank Ltd.,Development Bank Limited,2025-09-22,2025-10-09,397.11,389.76,-1.85,6,False,Close below 20 EMA (395.03)
MNBBL,Muktinath Bikas Bank Ltd.,Development Bank Limited,2025-11-25,2025-11-26,358.5,356.8,-0.47,1,False,Close below 20 EMA (358.16)
MNBBL,Muktinath Bikas Bank Ltd.,Development Bank Limited,2026-05-21,2026-05-22,373.9,372.1,-0.48,1,False,Close below 20 EMA (372.72)
MNBBL,Muktinath Bikas Bank Ltd.,Development Bank Limited,2026-05-26,2026-06-09,376.0,370.0,-1.6,8,False,Close below 20 EMA (373.86)
MNBBL,Muktinath Bikas Bank Ltd.,Development Bank Limited,2026-06-11,2026-06-16,374.5,373.0,-0.4,3,False,Close below 20 EMA (374.02)
MNBBL,Muktinath Bikas Bank Ltd.,Development Bank Limited,2026-06-24,2026-06-26,370.0,366.9,-0.84,2,False,Close below 20 EMA (371.80); Close below 200 EMA (367.11)
MPFL,Multipurpose Finance Company Limited,Finance,2023-03-10,2023-03-14,278.52,268.59,-3.57,2,False,Close below 20 EMA (272.80)
MPFL,Multipurpose Finance Company Limited,Finance,2023-09-12,2023-09-13,295.0,286.0,-3.05,1,False,Close below 20 EMA (296.45)
MPFL,Multipurpose Finance Company Limited,Finance,2024-10-02,2024-12-02,682.0,780.0,14.37,34,False,Close below 20 EMA (780.91)
MPFL,Multipurpose Finance Company Limited,Finance,2025-01-08,2025-01-13,701.0,686.0,-2.14,3,False,Close below 20 EMA (699.15)
MPFL,Multipurpose Finance Company Limited,Finance,2025-01-29,2025-02-04,645.0,648.0,0.47,2,False,Close below 20 EMA (652.73)
MPFL,Multipurpose Finance Company Limited,Finance,2025-02-06,2025-02-26,669.8,698.0,4.21,13,False,Close below 20 EMA (701.46)
MPFL,Multipurpose Finance Company Limited,Finance,2025-03-31,2025-04-02,643.68,632.91,-1.67,1,False,Close below 20 EMA (652.16); Close below 200 EMA (634.61)
MPFL,Multipurpose Finance Company Limited,Finance,2025-04-03,2025-04-04,661.95,646.99,-2.26,1,False,Close below 20 EMA (652.52)
MPFL,Multipurpose Finance Company Limited,Finance,2026-03-02,2026-03-09,637.8,700.0,9.75,2,False,RSI overbought (70.1 >= 70)
MSHL,Mid-Solu Hydropower Limited,Hydro Power,2024-11-15,2024-12-06,833.04,852.17,2.3,14,False,Close below 20 EMA (853.33)
MSHL,Mid-Solu Hydropower Limited,Hydro Power,2025-01-23,2025-01-24,823.65,820.87,-0.34,1,False,Close below 20 EMA (830.16)
MSHL,Mid-Solu Hydropower Limited,Hydro Power,2025-01-27,2025-01-28,834.35,815.65,-2.24,1,False,Close below 20 EMA (829.14)
MSHL,Mid-Solu Hydropower Limited,Hydro Power,2025-04-18,2025-04-21,798.65,786.99,-1.46,1,False,Close below 20 EMA (793.43)
MSHL,Mid-Solu Hydropower Limited,Hydro Power,2025-06-27,2025-06-30,774.57,760.87,-1.77,1,False,Close below 20 EMA (769.21); Close below 200 EMA (769.70)
MSHL,Mid-Solu Hydropower Limited,Hydro Power,2025-09-08,2025-09-18,777.87,762.7,-1.95,2,False,Close below 20 EMA (782.97); Close below 200 EMA (773.59)
MSHL,Mid-Solu Hydropower Limited,Hydro Power,2025-10-14,2025-10-15,800.0,783.65,-2.04,1,False,Close below 20 EMA (790.79)
MSHL,Mid-Solu Hydropower Limited,Hydro Power,2025-12-03,2025-12-10,788.7,778.26,-1.32,4,False,Close below 20 EMA (783.70); Close below 200 EMA (778.29)
MSHL,Mid-Solu Hydropower Limited,Hydro Power,2025-12-11,2025-12-18,784.35,782.61,-0.22,5,False,Close below 20 EMA (785.88)
MSHL,Mid-Solu Hydropower Limited,Hydro Power,2025-12-24,2025-12-29,787.74,874.0,10.95,2,False,RSI overbought (74.5 >= 70)
MSHL,Mid-Solu Hydropower Limited,Hydro Power,2026-02-17,2026-02-18,820.0,808.3,-1.43,1,False,Close below 20 EMA (819.56)
MSHL,Mid-Solu Hydropower Limited,Hydro Power,2026-03-18,2026-03-23,807.1,800.0,-0.88,2,False,Close below 20 EMA (808.52)
MSHL,Mid-Solu Hydropower Limited,Hydro Power,2026-03-27,2026-03-30,804.3,793.0,-1.4,1,False,Close below 20 EMA (806.25); Close below 200 EMA (794.77)
MSLB,Mahuli Laghubitta Bittiya Sanstha Ltd.,Microfinance,2024-02-22,2024-02-23,824.82,792.55,-3.91,1,False,Close below 20 EMA (832.67); Close below 200 EMA (796.25)
MSLB,Mahuli Laghubitta Bittiya Sanstha Ltd.,Microfinance,2024-03-08,2024-03-21,823.68,1031.03,25.17,8,False,RSI overbought (71.6 >= 70)
MSLB,Mahuli Laghubitta Bittiya Sanstha Ltd.,Microfinance,2024-09-26,2024-09-30,1412.89,1422.43,0.68,2,False,Close below 20 EMA (1455.24)
MSLB,Mahuli Laghubitta Bittiya Sanstha Ltd.,Microfinance,2024-12-30,2025-01-01,1493.08,1469.21,-1.6,1,False,Close below 20 EMA (1505.07)
MSLB,Mahuli Laghubitta Bittiya Sanstha Ltd.,Microfinance,2025-01-28,2025-01-29,1384.25,1355.51,-2.08,1,False,Close below 20 EMA (1387.72)
MSLB,Mahuli Laghubitta Bittiya Sanstha Ltd.,Microfinance,2025-02-07,2025-02-10,1394.75,1355.61,-2.81,1,False,Close below 20 EMA (1392.26)
MSLB,Mahuli Laghubitta Bittiya Sanstha Ltd.,Microfinance,2025-02-17,2025-03-04,1382.82,1368.4,-1.04,9,False,Close below 20 EMA (1392.39)
MSLB,Mahuli Laghubitta Bittiya Sanstha Ltd.,Microfinance,2025-11-04,2025-11-13,1335.47,1310.74,-1.85,7,False,Close below 20 EMA (1320.78)
MSLB,Mahuli Laghubitta Bittiya Sanstha Ltd.,Microfinance,2025-11-21,2025-11-27,1338.9,1538.9,14.94,4,False,RSI overbought (76.7 >= 70)
NABBC,Narayani Development Bank Limited,Development Bank Limited,2023-03-16,2023-03-17,255.5,257.25,0.68,1,False,Close below 20 EMA (258.42)
NABBC,Narayani Development Bank Limited,Development Bank Limited,2023-03-20,2023-03-21,256.55,258.0,0.57,1,False,Close below 20 EMA (258.22)
NABBC,Narayani Development Bank Limited,Development Bank Limited,2024-03-18,2024-04-01,256.35,254.0,-0.92,9,False,Close below 20 EMA (258.76)
NABBC,Narayani Development Bank Limited,Development Bank Limited,2024-04-22,2024-05-07,257.3,262.2,1.9,9,False,Close below 20 EMA (263.34)
NABBC,Narayani Development Bank Limited,Development Bank Limited,2024-10-02,2024-10-10,357.5,355.65,-0.52,5,False,Close below 20 EMA (356.04)
NABBC,Narayani Development Bank Limited,Development Bank Limited,2025-01-14,2025-02-21,587.5,805.0,37.02,24,False,RSI overbought (73.3 >= 70)
NABBC,Narayani Development Bank Limited,Development Bank Limited,2025-06-04,2025-06-16,853.6,855.06,0.17,8,False,Close below 20 EMA (867.14)
NABBC,Narayani Development Bank Limited,Development Bank Limited,2025-06-19,2025-06-20,846.77,848.85,0.25,1,False,Close below 20 EMA (860.24)
NABBC,Narayani Development Bank Limited,Development Bank Limited,2025-06-25,2025-06-26,850.0,851.68,0.2,1,False,Close below 20 EMA (857.44)
NABBC,Narayani Development Bank Limited,Development Bank Limited,2025-06-27,2025-06-30,846.73,845.75,-0.12,1,False,Close below 20 EMA (855.41)
NABBC,Narayani Development Bank Limited,Development Bank Limited,2025-07-02,2025-07-17,850.2,871.97,2.56,11,False,Close below 20 EMA (876.91)
NABBC,Narayani Development Bank Limited,Development Bank Limited,2025-09-24,2025-10-08,812.7,753.0,-7.35,4,False,Close below 20 EMA (769.96); Close below 200 EMA (756.54)
NABBC,Narayani Development Bank Limited,Development Bank Limited,2026-03-27,2026-03-30,1468.0,1439.0,-1.98,1,False,Close below 20 EMA (1487.13)
NABBC,Narayani Development Bank Limited,Development Bank Limited,2026-04-24,2026-04-25,1260.0,1236.0,-1.9,1,False,Close below 20 EMA (1263.98)
NABIL,Nabil Bank Limited,Commercial Banks,2024-10-07,2024-10-29,574.0,585.0,1.92,13,False,Close below 20 EMA (586.56)
NABIL,Nabil Bank Limited,Commercial Banks,2025-09-24,2025-10-09,523.5,514.0,-1.81,5,False,Close below 20 EMA (519.21)
NABIL,Nabil Bank Limited,Commercial Banks,2026-04-29,2026-05-05,525.0,521.0,-0.76,3,False,Close below 20 EMA (524.56)
NABIL,Nabil Bank Limited,Commercial Banks,2026-06-27,2026-06-30,525.0,524.0,-0.19,1,False,Close below 20 EMA (529.16)
NABIL,Nabil Bank Limited,Commercial Banks,2026-07-02,2026-07-07,525.0,526.0,0.19,3,False,Close below 20 EMA (529.10)
NABIL,Nabil Bank Limited,Commercial Banks,2026-07-08,2026-07-10,534.0,528.6,-1.01,2,False,Close below 20 EMA (529.68)
NABIL,Nabil Bank Limited,Commercial Banks,2026-07-15,2026-07-28,530.1,560.0,5.64,9,False,RSI overbought (72.3 >= 70)
NADEP,Nadep Laghubitta Bittiya Sanstha Ltd.,Microfinance,2024-10-23,2024-10-24,1085.0,1055.0,-2.76,1,False,Close below 20 EMA (1058.74)
NADEP,Nadep Laghubitta Bittiya Sanstha Ltd.,Microfinance,2024-10-30,2024-10-31,1030.0,1019.8,-0.99,1,False,Close below 20 EMA (1045.10)
NADEP,Nadep Laghubitta Bittiya Sanstha Ltd.,Microfinance,2024-11-12,2024-11-13,1044.0,1020.0,-2.3,1,False,Close below 20 EMA (1036.75)
NADEP,Nadep Laghubitta Bittiya Sanstha Ltd.,Microfinance,2024-11-15,2024-11-18,1019.0,1015.0,-0.39,1,False,Close below 20 EMA (1030.29)
NADEP,Nadep Laghubitta Bittiya Sanstha Ltd.,Microfinance,2024-11-26,2024-11-27,1002.0,1007.0,0.5,1,False,Close below 20 EMA (1017.04)
NADEP,Nadep Laghubitta Bittiya Sanstha Ltd.,Microfinance,2024-11-28,2024-12-02,1036.0,995.0,-3.96,2,False,Close below 20 EMA (1017.19)
NADEP,Nadep Laghubitta Bittiya Sanstha Ltd.,Microfinance,2025-01-01,2025-01-02,985.0,945.0,-4.06,1,False,Close below 20 EMA (967.49)
NADEP,Nadep Laghubitta Bittiya Sanstha Ltd.,Microfinance,2025-01-09,2025-01-13,985.0,960.0,-2.54,2,False,Close below 20 EMA (964.94)
NADEP,Nadep Laghubitta Bittiya Sanstha Ltd.,Microfinance,2025-01-14,2025-01-16,977.0,950.0,-2.76,1,False,Close below 20 EMA (964.56)
NADEP,Nadep Laghubitta Bittiya Sanstha Ltd.,Microfinance,2025-01-23,2025-01-24,947.0,927.1,-2.1,1,False,Close below 20 EMA (953.37)
NADEP,Nadep Laghubitta Bittiya Sanstha Ltd.,Microfinance,2025-01-27,2025-02-25,952.9,983.6,3.22,18,False,Close below 20 EMA (995.16)
NBL,Nepal Bank Limited,Commercial Banks,2024-10-03,2024-10-28,276.0,284.0,2.9,13,False,Close below 20 EMA (285.86)
NBL,Nepal Bank Limited,Commercial Banks,2024-12-12,2024-12-13,277.0,268.5,-3.07,1,False,Close below 20 EMA (276.72)
NBL,Nepal Bank Limited,Commercial Banks,2024-12-27,2024-12-30,272.0,269.9,-0.77,1,False,Close below 20 EMA (270.83)
NBL,Nepal Bank Limited,Commercial Banks,2025-02-07,2025-02-10,260.0,252.3,-2.96,1,False,Close below 20 EMA (255.50); Close below 200 EMA (259.76)
NBL,Nepal Bank Limited,Commercial Banks,2026-04-07,2026-04-21,270.8,274.0,1.18,9,False,Close below 20 EMA (274.97)
NBL,Nepal Bank Limited,Commercial Banks,2026-06-18,2026-06-19,267.0,265.7,-0.49,1,False,Close below 20 EMA (268.37)
NBL,Nepal Bank Limited,Commercial Banks,2026-06-23,2026-06-24,266.3,265.0,-0.49,1,False,Close below 20 EMA (267.63)
NESDO,NESDO Sambridha Laghubitta Bittiye Sanstha Limited,Microfinance,2024-12-24,2024-12-25,1919.47,1943.11,1.23,1,False,Close below 20 EMA (1954.37)
NESDO,NESDO Sambridha Laghubitta Bittiye Sanstha Limited,Microfinance,2024-12-27,2025-01-02,1950.98,1948.36,-0.13,3,False,Close below 20 EMA (1957.43)
NESDO,NESDO Sambridha Laghubitta Bittiye Sanstha Limited,Microfinance,2025-01-23,2025-02-03,1972.87,2147.83,8.87,5,False,RSI overbought (72.2 >= 70)
NFS,Nepal Finance Ltd.,Finance,2023-02-23,2023-02-24,316.7,306.0,-3.38,1,False,Close below 20 EMA (309.10)
NFS,Nepal Finance Ltd.,Finance,2023-09-14,2023-09-18,306.0,295.0,-3.59,1,False,Close below 20 EMA (301.82); Close below 200 EMA (305.46)
NFS,Nepal Finance Ltd.,Finance,2024-01-09,2024-01-23,316.0,323.1,2.25,9,False,Close below 20 EMA (325.25)
NFS,Nepal Finance Ltd.,Finance,2024-10-03,2024-10-09,1387.9,1427.0,2.82,3,False,Close below 20 EMA (1444.28)
NFS,Nepal Finance Ltd.,Finance,2024-10-28,2024-10-30,1407.0,1400.0,-0.5,2,False,Close below 20 EMA (1406.34)
NFS,Nepal Finance Ltd.,Finance,2024-11-15,2024-11-25,1425.1,1400.0,-1.76,5,False,Close below 20 EMA (1427.34)
NFS,Nepal Finance Ltd.,Finance,2024-11-26,2024-12-02,1458.0,1362.8,-6.53,4,False,Close below 20 EMA (1439.44)
NGPL,Ngadi Group Power Ltd.,Hydro Power,2023-06-26,2023-06-27,170.88,168.26,-1.53,1,False,Close below 20 EMA (170.49); Close below 200 EMA (170.01)
NGPL,Ngadi Group Power Ltd.,Hydro Power,2024-05-21,2024-05-23,194.27,194.03,-0.12,2,False,Close below 20 EMA (194.16)
NGPL,Ngadi Group Power Ltd.,Hydro Power,2024-05-31,2024-06-06,195.23,192.36,-1.47,4,False,Close below 20 EMA (193.91)
NGPL,Ngadi Group Power Ltd.,Hydro Power,2024-06-11,2024-06-26,191.89,194.27,1.24,10,False,Close below 20 EMA (195.26)
NGPL,Ngadi Group Power Ltd.,Hydro Power,2024-07-03,2024-07-04,196.56,194.75,-0.92,1,False,Close below 20 EMA (194.82)
NGPL,Ngadi Group Power Ltd.,Hydro Power,2024-09-16,2024-09-17,262.53,260.14,-0.91,1,False,Close below 20 EMA (262.72)
NGPL,Ngadi Group Power Ltd.,Hydro Power,2024-09-26,2024-09-27,256.66,250.84,-2.27,1,False,Close below 20 EMA (259.33)
NGPL,Ngadi Group Power Ltd.,Hydro Power,2024-12-02,2024-12-03,275.89,275.89,0.0,1,False,Close below 20 EMA (281.84)
NGPL,Ngadi Group Power Ltd.,Hydro Power,2025-01-07,2025-01-09,259.67,252.98,-2.58,2,False,Close below 20 EMA (255.66)
NGPL,Ngadi Group Power Ltd.,Hydro Power,2025-01-16,2025-01-20,257.76,252.98,-1.85,2,False,Close below 20 EMA (255.04)
NGPL,Ngadi Group Power Ltd.,Hydro Power,2025-01-21,2025-01-22,256.04,254.13,-0.75,1,False,Close below 20 EMA (255.04)
NGPL,Ngadi Group Power Ltd.,Hydro Power,2025-04-10,2025-04-17,261.79,300.97,14.97,4,False,RSI overbought (73.8 >= 70)
NGPL,Ngadi Group Power Ltd.,Hydro Power,2025-09-22,2025-09-24,373.12,376.13,0.81,1,False,Close below 20 EMA (379.48)
NGPL,Ngadi Group Power Ltd.,Hydro Power,2025-10-08,2025-10-09,375.18,362.77,-3.31,1,False,Close below 20 EMA (376.00)
NGPL,Ngadi Group Power Ltd.,Hydro Power,2026-07-08,2026-07-09,413.0,405.9,-1.72,1,False,Close below 20 EMA (417.62); Close below 200 EMA (410.68)
NHDL,Nepal Hydro Developers Ltd.,Hydro Power,2023-04-24,2023-04-25,310.41,304.86,-1.79,1,False,Close below 20 EMA (311.17)
NHDL,Nepal Hydro Developers Ltd.,Hydro Power,2023-06-02,2023-06-27,300.09,315.42,5.11,17,False,Close below 20 EMA (319.03)
NHDL,Nepal Hydro Developers Ltd.,Hydro Power,2023-07-19,2023-07-20,304.06,304.86,0.26,1,False,Close below 20 EMA (305.54)
NHDL,Nepal Hydro Developers Ltd.,Hydro Power,2024-04-11,2024-04-16,355.08,356.78,0.48,2,False,Close below 20 EMA (359.96)
NHDL,Nepal Hydro Developers Ltd.,Hydro Power,2024-04-17,2024-04-19,355.17,349.56,-1.58,1,False,Close below 20 EMA (358.55)
NHDL,Nepal Hydro Developers Ltd.,Hydro Power,2024-04-30,2024-05-07,360.61,353.47,-1.98,4,False,Close below 20 EMA (357.36)
NHDL,Nepal Hydro Developers Ltd.,Hydro Power,2025-02-03,2025-02-06,770.64,758.9,-1.52,3,False,Close below 20 EMA (761.12)
NHDL,Nepal Hydro Developers Ltd.,Hydro Power,2025-04-17,2025-04-21,734.05,736.7,0.36,2,False,Close below 20 EMA (744.89)
NHDL,Nepal Hydro Developers Ltd.,Hydro Power,2025-06-10,2025-06-16,671.18,643.25,-4.16,4,False,Close below 20 EMA (654.97)
NHDL,Nepal Hydro Developers Ltd.,Hydro Power,2025-08-28,2025-08-29,657.47,655.31,-0.33,1,False,Close below 20 EMA (658.17)
NHDL,Nepal Hydro Developers Ltd.,Hydro Power,2026-02-09,2026-02-10,669.0,659.0,-1.49,1,False,Close below 20 EMA (671.07)
NHDL,Nepal Hydro Developers Ltd.,Hydro Power,2026-04-14,2026-04-21,655.0,648.0,-1.07,4,False,Close below 20 EMA (653.11); Close below 200 EMA (651.93)
NHPC,National Hydro Power Company Limited,Hydro Power,2023-03-10,2023-03-14,200.0,195.33,-2.33,2,False,Close below 20 EMA (198.32)
NHPC,National Hydro Power Company Limited,Hydro Power,2024-11-26,2024-12-09,222.0,224.0,0.9,9,False,Close below 20 EMA (230.83)
NHPC,National Hydro Power Company Limited,Hydro Power,2025-01-07,2025-01-13,226.0,218.0,-3.54,4,False,Close below 20 EMA (219.44)
NHPC,National Hydro Power Company Limited,Hydro Power,2025-01-23,2025-01-27,221.9,216.1,-2.61,2,False,Close below 20 EMA (217.62)
NHPC,National Hydro Power Company Limited,Hydro Power,2025-01-29,2025-02-11,220.0,217.6,-1.09,7,False,Close below 20 EMA (219.79)
NHPC,National Hydro Power Company Limited,Hydro Power,2025-02-17,2025-02-19,222.9,218.2,-2.11,2,False,Close below 20 EMA (219.68)
NHPC,National Hydro Power Company Limited,Hydro Power,2025-02-24,2025-02-25,218.6,219.0,0.18,1,False,Close below 20 EMA (219.31)
NHPC,National Hydro Power Company Limited,Hydro Power,2025-03-31,2025-04-02,212.59,209.47,-1.47,1,False,Close below 20 EMA (213.44)
NHPC,National Hydro Power Company Limited,Hydro Power,2025-04-16,2025-05-14,210.76,223.93,6.25,18,False,Close below 20 EMA (224.72)
NICA,NIC Asia Bank Ltd.,Commercial Banks,2026-05-12,2026-05-13,364.8,355.8,-2.47,1,False,Close below 20 EMA (362.37)
NICL,Nepal Insurance Co. Ltd.,Non-Life Insurance,2023-08-10,2023-08-16,477.42,479.77,0.49,4,False,Close below 20 EMA (479.86)
NICL,Nepal Insurance Co. Ltd.,Non-Life Insurance,2023-11-21,2023-12-11,458.06,543.1,18.57,14,False,RSI overbought (77.6 >= 70)
NICL,Nepal Insurance Co. Ltd.,Non-Life Insurance,2024-05-10,2024-05-17,551.61,558.71,1.29,5,False,Close below 20 EMA (560.73)
NICL,Nepal Insurance Co. Ltd.,Non-Life Insurance,2024-06-24,2024-06-26,563.87,566.39,0.45,2,False,Close below 20 EMA (566.41)
NICL,Nepal Insurance Co. Ltd.,Non-Life Insurance,2025-01-03,2025-01-06,641.93,649.61,1.2,1,False,Close below 20 EMA (650.67)
NICL,Nepal Insurance Co. Ltd.,Non-Life Insurance,2025-01-14,2025-01-16,654.84,645.8,-1.38,1,False,Close below 20 EMA (653.17)
NICL,Nepal Insurance Co. Ltd.,Non-Life Insurance,2025-01-20,2025-01-28,662.58,659.35,-0.49,6,False,Close below 20 EMA (660.67)
NICL,Nepal Insurance Co. Ltd.,Non-Life Insurance,2025-02-17,2025-02-18,660.64,656.13,-0.68,1,False,Close below 20 EMA (668.23)
NICL,Nepal Insurance Co. Ltd.,Non-Life Insurance,2025-02-19,2025-02-21,668.39,662.9,-0.82,1,False,Close below 20 EMA (667.74)
NICLBSL,NIC Asia Laghubitta Biitiya Sanstha Limited,Microfinance,2024-06-27,2024-06-28,649.0,644.9,-0.63,1,False,Close below 20 EMA (653.31)
NICLBSL,NIC Asia Laghubitta Biitiya Sanstha Limited,Microfinance,2024-07-03,2024-07-04,644.0,638.9,-0.79,1,False,Close below 20 EMA (647.67)
NIFRA,Nepal Infrastructure Bank Limited,Investment,2024-10-02,2024-10-22,282.2,284.0,0.64,10,False,Close below 20 EMA (284.04)
NIFRA,Nepal Infrastructure Bank Limited,Investment,2024-11-11,2024-11-14,284.5,281.0,-1.23,3,False,Close below 20 EMA (281.77)
NIFRA,Nepal Infrastructure Bank Limited,Investment,2025-01-01,2025-01-02,255.0,249.9,-2.0,1,False,Close below 20 EMA (255.23)
NIFRA,Nepal Infrastructure Bank Limited,Investment,2025-01-07,2025-01-09,258.0,254.0,-1.55,2,False,Close below 20 EMA (254.29)
NIFRA,Nepal Infrastructure Bank Limited,Investment,2025-01-10,2025-01-13,254.9,249.6,-2.08,1,False,Close below 20 EMA (253.90)
NIFRA,Nepal Infrastructure Bank Limited,Investment,2025-01-21,2025-02-26,253.0,297.0,17.39,23,False,RSI overbought (71.7 >= 70)
NIFRA,Nepal Infrastructure Bank Limited,Investment,2025-03-31,2025-04-08,277.73,271.94,-2.08,4,False,Close below 20 EMA (272.58)
NIFRA,Nepal Infrastructure Bank Limited,Investment,2025-04-09,2025-04-10,269.29,270.78,0.55,1,False,Close below 20 EMA (272.13)
NIFRA,Nepal Infrastructure Bank Limited,Investment,2025-06-11,2025-06-12,284.81,280.99,-1.34,1,False,Close below 20 EMA (282.33)
NIFRA,Nepal Infrastructure Bank Limited,Investment,2025-06-16,2025-06-18,281.69,280.83,-0.31,2,False,Close below 20 EMA (282.13)
NIFRA,Nepal Infrastructure Bank Limited,Investment,2025-07-10,2025-07-15,279.8,277.34,-0.88,3,False,Close below 20 EMA (278.15)
NIFRA,Nepal Infrastructure Bank Limited,Investment,2025-08-28,2025-08-29,288.0,280.39,-2.64,1,False,Close below 20 EMA (283.86)
NIFRA,Nepal Infrastructure Bank Limited,Investment,2025-09-24,2025-09-25,274.8,270.4,-1.6,1,False,Close below 20 EMA (275.11); Close below 200 EMA (274.74)
NIFRA,Nepal Infrastructure Bank Limited,Investment,2025-09-29,2025-10-08,275.0,269.5,-2.0,1,False,Close below 20 EMA (274.32); Close below 200 EMA (274.66)
NIL,Neco Insurance Co. Ltd.,Non-Life Insurance,2023-04-03,2023-04-05,565.47,554.57,-1.93,2,False,Close below 20 EMA (567.11)
NIL,Neco Insurance Co. Ltd.,Non-Life Insurance,2023-05-18,2023-05-22,543.69,581.44,6.94,2,False,RSI overbought (74.3 >= 70)
NIL,Neco Insurance Co. Ltd.,Non-Life Insurance,2023-06-02,2023-06-12,558.03,632.24,13.3,6,False,RSI overbought (71.6 >= 70)
NIL,Neco Insurance Co. Ltd.,Non-Life Insurance,2023-08-22,2023-08-25,634.43,638.78,0.69,3,False,Close below 20 EMA (642.05)
NIL,Neco Insurance Co. Ltd.,Non-Life Insurance,2023-08-31,2023-09-04,643.86,629.34,-2.26,1,False,Close below 20 EMA (640.32)
NIL,Neco Insurance Co. Ltd.,Non-Life Insurance,2023-09-12,2023-09-28,639.5,640.23,0.11,10,False,Close below 20 EMA (644.32)
NIL,Neco Insurance Co. Ltd.,Non-Life Insurance,2023-12-04,2023-12-05,601.04,599.94,-0.18,1,False,Close below 20 EMA (603.78)
NIL,Neco Insurance Co. Ltd.,Non-Life Insurance,2023-12-08,2023-12-18,602.49,661.28,9.76,6,False,RSI overbought (71.1 >= 70)
NIL,Neco Insurance Co. Ltd.,Non-Life Insurance,2024-01-10,2024-01-12,627.89,624.45,-0.55,2,False,Close below 20 EMA (626.32)
NIL,Neco Insurance Co. Ltd.,Non-Life Insurance,2024-02-06,2024-02-12,627.89,614.1,-2.2,4,False,Close below 20 EMA (622.48)
NIL,Neco Insurance Co. Ltd.,Non-Life Insurance,2024-04-05,2024-04-15,611.19,608.48,-0.44,4,False,Close below 20 EMA (611.15); Close below 200 EMA (608.76)
NIL,Neco Insurance Co. Ltd.,Non-Life Insurance,2024-10-08,2024-10-09,700.49,685.96,-2.07,1,False,Close below 20 EMA (692.32)
NIL,Neco Insurance Co. Ltd.,Non-Life Insurance,2024-10-17,2024-10-22,703.39,676.52,-3.82,3,False,Close below 20 EMA (690.14)
NIL,Neco Insurance Co. Ltd.,Non-Life Insurance,2024-10-30,2024-11-20,694.67,691.05,-0.52,10,False,Close below 20 EMA (694.76)
NIL,Neco Insurance Co. Ltd.,Non-Life Insurance,2025-01-06,2025-01-14,693.22,680.16,-1.88,6,False,Close below 20 EMA (691.78)
NIL,Neco Insurance Co. Ltd.,Non-Life Insurance,2025-01-21,2025-02-10,698.3,705.29,1.0,12,False,Close below 20 EMA (706.16)
NIL,Neco Insurance Co. Ltd.,Non-Life Insurance,2025-05-21,2025-06-06,680.5,675.75,-0.7,9,False,Close below 20 EMA (683.26); Close below 200 EMA (680.78)
NIMB,Nepal Investment Mega Bank Limited,Commercial Banks,2024-10-03,2024-10-24,233.0,241.9,3.82,11,False,Close below 20 EMA (242.19)
NIMB,Nepal Investment Mega Bank Limited,Commercial Banks,2024-11-12,2024-11-13,242.0,238.5,-1.45,1,False,Close below 20 EMA (238.87)
NIMB,Nepal Investment Mega Bank Limited,Commercial Banks,2024-12-12,2024-12-13,227.0,221.1,-2.6,1,False,Close below 20 EMA (226.58)
NIMB,Nepal Investment Mega Bank Limited,Commercial Banks,2024-12-25,2024-12-30,218.9,221.0,0.96,2,False,Close below 20 EMA (221.96)
NIMB,Nepal Investment Mega Bank Limited,Commercial Banks,2025-02-03,2025-02-07,213.5,211.8,-0.8,4,False,Close below 20 EMA (212.50)
NIMB,Nepal Investment Mega Bank Limited,Commercial Banks,2025-03-13,2025-03-17,220.0,217.7,-1.05,1,False,Close below 20 EMA (219.49)
NIMB,Nepal Investment Mega Bank Limited,Commercial Banks,2025-04-04,2025-04-08,215.61,213.17,-1.13,1,False,Close below 20 EMA (213.97)
NIMB,Nepal Investment Mega Bank Limited,Commercial Banks,2025-04-09,2025-04-10,213.67,213.44,-0.11,1,False,Close below 20 EMA (213.89)
NIMB,Nepal Investment Mega Bank Limited,Commercial Banks,2026-04-23,2026-04-24,205.6,201.9,-1.8,1,False,Close below 20 EMA (208.55); Close below 200 EMA (204.65)
NLG,NLG Insurance Company Ltd.,Non-Life Insurance,2023-05-04,2023-05-09,364.3,365.39,0.3,3,False,Close below 20 EMA (366.47)
NLG,NLG Insurance Company Ltd.,Non-Life Insurance,2023-05-17,2023-05-23,366.42,397.12,8.38,4,False,RSI overbought (72.0 >= 70)
NLG,NLG Insurance Company Ltd.,Non-Life Insurance,2023-06-02,2023-06-15,371.95,432.78,16.35,9,False,RSI overbought (72.7 >= 70)
NLG,NLG Insurance Company Ltd.,Non-Life Insurance,2023-08-24,2023-08-25,477.19,469.86,-1.54,1,False,Close below 20 EMA (474.88)
NLG,NLG Insurance Company Ltd.,Non-Life Insurance,2023-09-14,2023-09-19,458.37,453.51,-1.06,2,False,Close below 20 EMA (459.82)
NLG,NLG Insurance Company Ltd.,Non-Life Insurance,2024-01-30,2024-01-31,485.18,484.08,-0.23,1,False,Close below 20 EMA (489.18)
NLG,NLG Insurance Company Ltd.,Non-Life Insurance,2024-02-29,2024-03-01,471.21,458.52,-2.69,1,False,Close below 20 EMA (473.33)
NLG,NLG Insurance Company Ltd.,Non-Life Insurance,2024-04-26,2024-04-30,468.85,468.62,-0.05,2,False,Close below 20 EMA (473.63)
NLG,NLG Insurance Company Ltd.,Non-Life Insurance,2024-05-01,2024-05-07,478.71,472.94,-1.21,3,False,Close below 20 EMA (474.24)
NLG,NLG Insurance Company Ltd.,Non-Life Insurance,2024-05-13,2024-05-14,471.34,470.75,-0.13,1,False,Close below 20 EMA (472.69)
NLG,NLG Insurance Company Ltd.,Non-Life Insurance,2024-05-15,2024-05-30,472.25,477.56,1.12,9,False,Close below 20 EMA (478.13)
NLG,NLG Insurance Company Ltd.,Non-Life Insurance,2024-06-05,2024-06-06,476.98,475.71,-0.27,1,False,Close below 20 EMA (476.64)
NLG,NLG Insurance Company Ltd.,Non-Life Insurance,2024-07-02,2024-07-18,467.12,520.85,11.5,12,False,RSI overbought (72.6 >= 70)
NLIC,Nepal Life Insurance Co. Ltd.,Life Insurance,2024-10-02,2024-10-22,691.77,705.63,2.0,10,False,Close below 20 EMA (716.05)
NLIC,Nepal Life Insurance Co. Ltd.,Life Insurance,2025-05-14,2025-05-15,722.85,718.12,-0.65,1,False,Close below 20 EMA (726.71)
NLIC,Nepal Life Insurance Co. Ltd.,Life Insurance,2025-06-04,2025-06-06,723.96,719.41,-0.63,1,False,Close below 20 EMA (723.62)
NLIC,Nepal Life Insurance Co. Ltd.,Life Insurance,2025-06-13,2025-06-16,714.42,714.4,-0.0,1,False,Close below 20 EMA (719.58)
NLIC,Nepal Life Insurance Co. Ltd.,Life Insurance,2025-06-17,2025-06-18,713.94,712.96,-0.14,1,False,Close below 20 EMA (718.47)
NLIC,Nepal Life Insurance Co. Ltd.,Life Insurance,2025-07-02,2025-07-04,704.94,756.74,7.35,2,False,RSI overbought (74.6 >= 70)
NLIC,Nepal Life Insurance Co. Ltd.,Life Insurance,2025-09-24,2025-09-25,740.95,732.38,-1.16,1,False,Close below 20 EMA (737.00)
NLIC,Nepal Life Insurance Co. Ltd.,Life Insurance,2025-10-29,2025-12-08,742.86,779.05,4.87,27,False,Close below 20 EMA (784.37)
NLIC,Nepal Life Insurance Co. Ltd.,Life Insurance,2026-06-03,2026-06-06,765.1,767.6,0.33,3,False,Close below 20 EMA (769.57)
NLICL,National Life Insurance Co. Ltd.,Life Insurance,2023-09-22,2023-09-26,524.71,516.87,-1.49,2,False,Close below 20 EMA (519.18)
NLICL,National Life Insurance Co. Ltd.,Life Insurance,2024-01-09,2024-01-12,532.62,528.32,-0.81,3,False,Close below 20 EMA (529.10)
NLICL,National Life Insurance Co. Ltd.,Life Insurance,2024-10-25,2024-10-28,564.11,558.61,-0.97,1,False,Close below 20 EMA (561.41)
NLICL,National Life Insurance Co. Ltd.,Life Insurance,2024-10-30,2024-11-20,561.08,568.22,1.27,10,False,Close below 20 EMA (570.51)
NLICL,National Life Insurance Co. Ltd.,Life Insurance,2025-03-28,2025-04-04,587.91,579.16,-1.49,4,False,Close below 20 EMA (583.56)
NLICL,National Life Insurance Co. Ltd.,Life Insurance,2025-05-09,2025-05-12,567.83,560.86,-1.23,1,False,Close below 20 EMA (568.33)
NLICL,National Life Insurance Co. Ltd.,Life Insurance,2025-05-15,2025-06-04,569.86,571.08,0.21,12,False,Close below 20 EMA (575.84)
NLICL,National Life Insurance Co. Ltd.,Life Insurance,2025-09-29,2025-10-08,576.83,564.52,-2.13,1,False,Close below 20 EMA (571.95); Close below 200 EMA (572.95)
NLICL,National Life Insurance Co. Ltd.,Life Insurance,2026-03-31,2026-04-01,598.0,605.0,1.17,1,False,Close below 20 EMA (605.78)
NMB,NMB Bank Limited,Commercial Banks,2024-11-11,2024-11-14,251.43,248.57,-1.14,3,False,Close below 20 EMA (251.10)
NMB,NMB Bank Limited,Commercial Banks,2024-12-25,2024-12-30,235.24,234.29,-0.4,2,False,Close below 20 EMA (235.08)
NMB,NMB Bank Limited,Commercial Banks,2025-01-01,2025-01-02,233.71,231.62,-0.89,1,False,Close below 20 EMA (234.63)
NMB,NMB Bank Limited,Commercial Banks,2025-01-07,2025-01-08,232.0,230.95,-0.45,1,False,Close below 20 EMA (233.86)
NMB,NMB Bank Limited,Commercial Banks,2025-01-21,2025-01-22,227.9,228.57,0.29,1,False,Close below 20 EMA (229.57)
NMB,NMB Bank Limited,Commercial Banks,2025-01-23,2025-01-24,232.48,228.67,-1.64,1,False,Close below 20 EMA (229.73)
NMB,NMB Bank Limited,Commercial Banks,2025-02-12,2025-02-13,229.52,229.52,0.0,1,False,Close below 20 EMA (230.58)
NMB,NMB Bank Limited,Commercial Banks,2025-12-29,2025-12-30,240.0,237.0,-1.25,1,False,Close below 20 EMA (238.01)
NMB,NMB Bank Limited,Commercial Banks,2026-01-07,2026-01-08,240.0,237.2,-1.17,1,False,Close below 20 EMA (237.81)
NMB,NMB Bank Limited,Commercial Banks,2026-06-09,2026-06-10,244.0,244.8,0.33,1,False,Close below 20 EMA (245.34)
NMBMF,NMB Laghubitta Bittiya Sanstha Ltd.,Microfinance,2024-08-26,2024-08-28,801.0,775.0,-3.25,1,False,Close below 20 EMA (793.25)
NMBMF,NMB Laghubitta Bittiya Sanstha Ltd.,Microfinance,2024-10-18,2024-10-21,725.0,709.0,-2.21,1,False,Close below 20 EMA (710.98)
NMBMF,NMB Laghubitta Bittiya Sanstha Ltd.,Microfinance,2024-10-24,2024-10-25,700.0,696.0,-0.57,1,False,Close below 20 EMA (707.37)
NMBMF,NMB Laghubitta Bittiya Sanstha Ltd.,Microfinance,2024-10-30,2024-12-02,713.0,732.0,2.66,18,False,Close below 20 EMA (740.77)
NMBMF,NMB Laghubitta Bittiya Sanstha Ltd.,Microfinance,2024-12-11,2024-12-12,718.9,722.0,0.43,1,False,Close below 20 EMA (728.85)
NMBMF,NMB Laghubitta Bittiya Sanstha Ltd.,Microfinance,2024-12-30,2025-01-01,708.5,695.9,-1.78,1,False,Close below 20 EMA (710.22)
NMBMF,NMB Laghubitta Bittiya Sanstha Ltd.,Microfinance,2025-01-08,2025-01-14,700.0,692.0,-1.14,4,False,Close below 20 EMA (705.50); Close below 200 EMA (692.01)
NMBMF,NMB Laghubitta Bittiya Sanstha Ltd.,Microfinance,2025-01-23,2025-01-28,695.0,694.5,-0.07,3,False,Close below 20 EMA (697.88)
NMBMF,NMB Laghubitta Bittiya Sanstha Ltd.,Microfinance,2025-01-29,2025-02-04,701.0,778.0,10.98,2,False,RSI overbought (70.9 >= 70)
NMBMF,NMB Laghubitta Bittiya Sanstha Ltd.,Microfinance,2025-03-28,2025-04-02,758.14,742.01,-2.13,2,False,Close below 20 EMA (746.79)
NMBMF,NMB Laghubitta Bittiya Sanstha Ltd.,Microfinance,2025-04-09,2025-04-10,724.25,721.73,-0.35,1,False,Close below 20 EMA (739.07)
NMBMF,NMB Laghubitta Bittiya Sanstha Ltd.,Microfinance,2026-01-26,2026-01-27,704.0,692.1,-1.69,1,False,Close below 20 EMA (696.13); Close below 200 EMA (700.26)
NMFBS,National Laghubitta Bittiya Sanstha Limited,Microfinance,2024-09-04,2024-09-05,1187.46,1173.67,-1.16,1,False,Close below 20 EMA (1190.42)
NMFBS,National Laghubitta Bittiya Sanstha Limited,Microfinance,2024-10-24,2024-10-25,1099.36,1097.06,-0.21,1,False,Close below 20 EMA (1107.55)
NMFBS,National Laghubitta Bittiya Sanstha Limited,Microfinance,2024-10-28,2024-10-31,1091.62,1100.51,0.81,3,False,Close below 20 EMA (1105.45)
NMFBS,National Laghubitta Bittiya Sanstha Limited,Microfinance,2025-02-12,2025-02-13,1130.15,1137.86,0.68,1,False,Close below 20 EMA (1138.17)
NMFBS,National Laghubitta Bittiya Sanstha Limited,Microfinance,2025-02-28,2025-03-10,1153.61,1147.48,-0.53,6,False,Close below 20 EMA (1154.45)
NMFBS,National Laghubitta Bittiya Sanstha Limited,Microfinance,2025-08-28,2025-08-29,1148.89,1128.03,-1.82,1,False,Close below 20 EMA (1161.46)
NMFBS,National Laghubitta Bittiya Sanstha Limited,Microfinance,2025-09-22,2025-09-24,1141.16,1133.04,-0.71,1,False,Close below 20 EMA (1134.23)
NMFBS,National Laghubitta Bittiya Sanstha Limited,Microfinance,2025-12-25,2026-01-09,1115.97,1136.9,1.88,9,False,Close below 20 EMA (1139.57)
NMFBS,National Laghubitta Bittiya Sanstha Limited,Microfinance,2026-02-17,2026-03-09,1125.0,1167.9,3.81,9,False,RSI overbought (70.2 >= 70)
NMLBBL,Nerude Mirmire Laghubitta Bittiya Sanstha Limited,Microfinance,2024-10-02,2024-10-03,775.0,766.1,-1.15,1,False,Close below 20 EMA (774.42)
NMLBBL,Nerude Mirmire Laghubitta Bittiya Sanstha Limited,Microfinance,2024-10-08,2024-10-21,800.0,784.0,-2.0,6,False,Close below 20 EMA (786.82)
NRIC,Nepal Re-Insurance Company Limited,Others,2024-03-07,2024-03-19,719.71,724.58,0.68,7,False,Close below 20 EMA (726.18)
NRIC,Nepal Re-Insurance Company Limited,Others,2024-04-08,2024-04-16,690.21,702.72,1.81,4,False,Close below 20 EMA (707.24)
NRIC,Nepal Re-Insurance Company Limited,Others,2024-10-02,2024-10-22,798.1,800.0,0.24,10,False,Close below 20 EMA (811.12)
NRIC,Nepal Re-Insurance Company Limited,Others,2024-11-26,2024-11-29,790.0,799.1,1.15,3,False,Close below 20 EMA (801.50)
NRIC,Nepal Re-Insurance Company Limited,Others,2025-01-07,2025-01-08,764.0,749.0,-1.96,1,False,Close below 20 EMA (751.87); Close below 200 EMA (755.44)
NRIC,Nepal Re-Insurance Company Limited,Others,2025-01-14,2025-01-21,760.0,823.0,8.29,4,False,RSI overbought (70.8 >= 70)
NRIC,Nepal Re-Insurance Company Limited,Others,2025-05-15,2025-05-16,1222.19,1195.15,-2.21,1,False,Close below 20 EMA (1231.39)
NRIC,Nepal Re-Insurance Company Limited,Others,2025-06-30,2025-07-01,1238.48,1229.16,-0.75,1,False,Close below 20 EMA (1237.72)
NRIC,Nepal Re-Insurance Company Limited,Others,2025-10-27,2025-10-30,1372.0,1369.0,-0.22,2,False,Close below 20 EMA (1390.23)
NRIC,Nepal Re-Insurance Company Limited,Others,2025-10-31,2025-11-04,1380.0,1379.0,-0.07,2,False,Close below 20 EMA (1388.35)
NRIC,Nepal Re-Insurance Company Limited,Others,2025-11-10,2025-11-11,1364.0,1358.0,-0.44,1,False,Close below 20 EMA (1375.91)
NRIC,Nepal Re-Insurance Company Limited,Others,2025-11-25,2025-12-01,1357.0,1334.0,-1.69,4,False,Close below 20 EMA (1348.42)
NRIC,Nepal Re-Insurance Company Limited,Others,2025-12-29,2025-12-30,1279.5,1261.5,-1.41,1,False,Close below 20 EMA (1274.71); Close below 200 EMA (1276.48)
NRIC,Nepal Re-Insurance Company Limited,Others,2026-01-07,2026-01-28,1297.1,1281.0,-1.24,12,False,Close below 20 EMA (1295.80)
NRIC,Nepal Re-Insurance Company Limited,Others,2026-02-06,2026-02-10,1285.0,1275.0,-0.78,2,False,Close below 20 EMA (1283.63); Close below 200 EMA (1278.87)
NRIC,Nepal Re-Insurance Company Limited,Others,2026-03-20,2026-03-26,1279.8,1267.8,-0.94,4,False,Close below 200 EMA (1274.49)
NRM,Nepal Republic Media Limited,Others,2024-10-30,2024-11-25,451.5,464.0,2.77,13,False,Close below 20 EMA (465.84)
NRM,Nepal Republic Media Limited,Others,2025-01-07,2025-01-09,441.0,440.5,-0.11,2,False,Close below 20 EMA (441.63)
NRM,Nepal Republic Media Limited,Others,2025-03-31,2025-04-02,507.63,503.03,-0.91,1,False,Close below 20 EMA (503.92)
NRM,Nepal Republic Media Limited,Others,2025-04-18,2025-04-21,491.01,478.98,-2.45,1,False,Close below 20 EMA (490.43)
NRM,Nepal Republic Media Limited,Others,2025-05-19,2025-05-26,469.39,464.38,-1.07,5,False,Close below 20 EMA (470.17); Close below 200 EMA (467.69)
NRN,NRN Infrastructure and Development Limited,Investment,2024-03-07,2024-03-18,376.87,378.98,0.56,6,False,Close below 20 EMA (382.62)
NRN,NRN Infrastructure and Development Limited,Investment,2024-04-16,2024-04-17,360.54,350.68,-2.73,1,False,Close below 20 EMA (360.66)
NRN,NRN Infrastructure and Development Limited,Investment,2024-05-01,2024-05-03,349.66,346.26,-0.97,1,False,Close below 20 EMA (351.81)
NRN,NRN Infrastructure and Development Limited,Investment,2024-05-14,2024-05-16,343.47,340.14,-0.97,2,False,Close below 20 EMA (343.08)
NRN,NRN Infrastructure and Development Limited,Investment,2025-03-13,2025-03-17,1041.43,1012.86,-2.74,1,False,Close below 20 EMA (1039.96)
NRN,NRN Infrastructure and Development Limited,Investment,2025-08-19,2025-08-20,1593.69,1584.14,-0.6,1,False,Close below 20 EMA (1605.38)
NRN,NRN Infrastructure and Development Limited,Investment,2025-10-29,2025-11-13,1414.29,1425.0,0.76,11,False,Close below 20 EMA (1441.70)
NRN,NRN Infrastructure and Development Limited,Investment,2025-11-24,2025-11-26,1407.14,1412.86,0.41,2,False,Close below 20 EMA (1417.10)
NRN,NRN Infrastructure and Development Limited,Investment,2025-12-29,2025-12-30,1390.0,1361.0,-2.09,1,False,Close below 20 EMA (1380.47)
NRN,NRN Infrastructure and Development Limited,Investment,2026-01-02,2026-01-05,1362.6,1365.0,0.18,1,False,Close below 20 EMA (1376.33)
NRN,NRN Infrastructure and Development Limited,Investment,2026-01-14,2026-01-21,1370.5,1550.0,13.1,3,False,RSI overbought (72.6 >= 70)
NRN,NRN Infrastructure and Development Limited,Investment,2026-03-20,2026-04-02,1515.0,1527.9,0.85,9,False,Close below 20 EMA (1574.62)
NRN,NRN Infrastructure and Development Limited,Investment,2026-04-03,2026-04-06,1575.0,1488.0,-5.52,1,False,Close below 20 EMA (1566.41)
NRN,NRN Infrastructure and Development Limited,Investment,2026-04-07,2026-04-08,1566.9,1548.0,-1.21,1,False,Close below 20 EMA (1564.70)
NRN,NRN Infrastructure and Development Limited,Investment,2026-08-13,2026-08-15,1430.0,1390.0,-2.8,2,False,Close below 20 EMA (1406.45); Close below 200 EMA (1416.90)
NTC,Nepal Doorsanchar Comapany Limited,Others,2023-09-25,2023-09-28,870.5,865.0,-0.63,3,False,Close below 20 EMA (865.43); Close below 200 EMA (865.61)
NTC,Nepal Doorsanchar Comapany Limited,Others,2024-12-27,2025-01-01,949.0,952.1,0.33,2,False,Close below 20 EMA (954.08)
NTC,Nepal Doorsanchar Comapany Limited,Others,2025-02-03,2025-02-04,927.0,920.0,-0.76,1,False,Close below 200 EMA (925.90)
NUBL,Nirdhan Utthan Laghubitta Bittiya Sanstha Limited,Microfinance,2024-07-04,2024-07-15,628.57,693.33,10.3,7,False,RSI overbought (70.2 >= 70)
NUBL,Nirdhan Utthan Laghubitta Bittiya Sanstha Limited,Microfinance,2024-09-09,2024-09-10,761.9,752.38,-1.25,1,False,Close below 20 EMA (768.59)
NUBL,Nirdhan Utthan Laghubitta Bittiya Sanstha Limited,Microfinance,2024-10-18,2024-10-22,717.14,697.14,-2.79,2,False,Close below 20 EMA (701.66)
NUBL,Nirdhan Utthan Laghubitta Bittiya Sanstha Limited,Microfinance,2024-10-30,2024-10-31,698.1,683.9,-2.03,1,False,Close below 20 EMA (694.83)
NUBL,Nirdhan Utthan Laghubitta Bittiya Sanstha Limited,Microfinance,2024-11-11,2024-11-25,696.67,698.1,0.21,9,False,Close below 20 EMA (701.16)
NUBL,Nirdhan Utthan Laghubitta Bittiya Sanstha Limited,Microfinance,2025-10-29,2025-10-30,700.0,695.24,-0.68,1,False,Close below 20 EMA (707.06)
NUBL,Nirdhan Utthan Laghubitta Bittiya Sanstha Limited,Microfinance,2025-11-03,2025-11-05,720.0,707.71,-1.71,2,False,Close below 20 EMA (709.34)
NUBL,Nirdhan Utthan Laghubitta Bittiya Sanstha Limited,Microfinance,2025-11-17,2025-11-18,699.9,701.9,0.29,1,False,Close below 20 EMA (703.81)
NUBL,Nirdhan Utthan Laghubitta Bittiya Sanstha Limited,Microfinance,2025-11-20,2025-12-08,700.95,713.33,1.77,11,False,Close below 20 EMA (719.47)
NUBL,Nirdhan Utthan Laghubitta Bittiya Sanstha Limited,Microfinance,2025-12-29,2025-12-30,708.57,701.14,-1.05,1,False,Close below 20 EMA (709.40)
NUBL,Nirdhan Utthan Laghubitta Bittiya Sanstha Limited,Microfinance,2026-01-01,2026-01-02,710.48,705.4,-0.72,1,False,Close below 20 EMA (709.11)
NUBL,Nirdhan Utthan Laghubitta Bittiya Sanstha Limited,Microfinance,2026-01-13,2026-01-14,709.0,707.5,-0.21,1,False,Close below 20 EMA (707.50)
NWCL,Nepal Warehousing Company Limited,Others,2025-01-21,2025-03-07,958.9,1053.0,9.81,29,False,Close below 20 EMA (1060.27)
NWCL,Nepal Warehousing Company Limited,Others,2025-04-16,2025-04-21,991.16,967.03,-2.43,3,False,Close below 20 EMA (976.45)
NWCL,Nepal Warehousing Company Limited,Others,2025-05-12,2025-05-14,954.0,948.43,-0.58,1,False,Close below 20 EMA (950.98)
NYADI,Nyadi Hydropower Limited,Hydro Power,2024-05-21,2024-05-27,294.2,288.0,-2.11,3,False,Close below 20 EMA (291.33)
NYADI,Nyadi Hydropower Limited,Hydro Power,2024-06-03,2024-06-05,295.0,288.6,-2.17,2,False,Close below 20 EMA (291.12)
NYADI,Nyadi Hydropower Limited,Hydro Power,2024-06-10,2024-06-26,294.0,336.8,14.56,11,False,RSI overbought (71.4 >= 70)
NYADI,Nyadi Hydropower Limited,Hydro Power,2024-10-02,2024-10-03,336.0,305.1,-9.2,1,False,Close below 20 EMA (327.95); Close below 200 EMA (315.03)
NYADI,Nyadi Hydropower Limited,Hydro Power,2024-10-18,2024-10-21,318.5,308.5,-3.14,1,False,Close below 20 EMA (324.39); Close below 200 EMA (315.63)
NYADI,Nyadi Hydropower Limited,Hydro Power,2025-03-03,2025-03-04,670.6,637.0,-5.01,1,False,Close below 20 EMA (675.61)
NYADI,Nyadi Hydropower Limited,Hydro Power,2025-04-02,2025-04-11,605.98,598.58,-1.22,6,False,Close below 20 EMA (605.25)
NYADI,Nyadi Hydropower Limited,Hydro Power,2025-04-16,2025-04-17,598.64,588.97,-1.62,1,False,Close below 20 EMA (600.44)
OHL,Oriental Hotels Limited,Hotels And Tourism,2023-09-12,2023-09-13,739.9,732.38,-1.02,1,False,Close below 20 EMA (734.47)
OHL,Oriental Hotels Limited,Hotels And Tourism,2023-11-07,2023-11-22,660.86,657.14,-0.56,5,False,Close below 20 EMA (660.82)
OHL,Oriental Hotels Limited,Hotels And Tourism,2024-02-14,2024-02-15,747.52,740.95,-0.88,1,False,Close below 20 EMA (749.45)
OHL,Oriental Hotels Limited,Hotels And Tourism,2024-03-19,2024-03-22,749.05,723.81,-3.37,3,False,Close below 20 EMA (736.26)
OHL,Oriental Hotels Limited,Hotels And Tourism,2024-03-27,2024-03-29,733.43,732.38,-0.14,2,False,Close below 20 EMA (734.86)
OHL,Oriental Hotels Limited,Hotels And Tourism,2024-06-28,2024-07-01,712.38,711.71,-0.09,1,False,Close below 20 EMA (721.89)
OHL,Oriental Hotels Limited,Hotels And Tourism,2024-11-28,2024-11-29,955.0,943.0,-1.26,1,False,Close below 20 EMA (948.99)
OHL,Oriental Hotels Limited,Hotels And Tourism,2024-12-02,2024-12-09,949.0,953.0,0.42,5,False,Close below 20 EMA (962.50)
OHL,Oriental Hotels Limited,Hotels And Tourism,2025-01-08,2025-01-09,890.0,893.2,0.36,1,False,Close below 20 EMA (898.06)
OHL,Oriental Hotels Limited,Hotels And Tourism,2025-01-10,2025-01-16,908.0,885.0,-2.53,3,False,Close below 20 EMA (897.41)
OHL,Oriental Hotels Limited,Hotels And Tourism,2025-01-23,2025-02-06,907.2,903.7,-0.39,8,False,Close below 20 EMA (905.64)
OHL,Oriental Hotels Limited,Hotels And Tourism,2025-02-12,2025-02-13,900.0,886.2,-1.53,1,False,Close below 20 EMA (902.17)
OHL,Oriental Hotels Limited,Hotels And Tourism,2025-05-16,2025-05-21,891.43,986.85,10.7,3,False,RSI overbought (71.9 >= 70)
PCBL,Prime Commercial Bank Ltd.,Commercial Banks,2024-10-02,2024-10-22,258.15,262.31,1.61,10,False,Close below 20 EMA (264.13)
PCBL,Prime Commercial Bank Ltd.,Commercial Banks,2024-11-11,2024-11-12,263.43,262.96,-0.18,1,False,Close below 20 EMA (263.35)
PCBL,Prime Commercial Bank Ltd.,Commercial Banks,2024-12-27,2024-12-30,241.76,239.07,-1.11,1,False,Close below 20 EMA (241.78)
PCBL,Prime Commercial Bank Ltd.,Commercial Banks,2026-06-13,2026-06-16,238.6,239.0,0.17,1,False,Close below 20 EMA (240.17)
PCBL,Prime Commercial Bank Ltd.,Commercial Banks,2026-08-12,2026-08-13,240.0,240.0,0.0,1,False,Close below 20 EMA (240.42)
PFL,Pokhara Finance Ltd.,Finance,2024-02-23,2024-02-26,365.3,366.9,0.44,1,False,Close below 20 EMA (369.55)
PFL,Pokhara Finance Ltd.,Finance,2024-07-04,2024-07-05,614.5,605.0,-1.55,1,False,Close below 20 EMA (622.54)
PFL,Pokhara Finance Ltd.,Finance,2024-10-02,2024-11-14,619.9,761.6,22.86,23,False,RSI overbought (72.7 >= 70)
PFL,Pokhara Finance Ltd.,Finance,2026-04-01,2026-04-02,408.9,395.0,-3.4,1,False,Close below 20 EMA (405.27); Close below 200 EMA (407.02)
PHCL,Peoples Hydropower Company Limited,Hydro Power,2024-10-07,2024-10-22,365.0,455.0,24.66,8,False,RSI overbought (72.6 >= 70)
PHCL,Peoples Hydropower Company Limited,Hydro Power,2025-01-03,2025-02-17,537.0,701.2,30.58,28,False,RSI overbought (76.5 >= 70)
PHCL,Peoples Hydropower Company Limited,Hydro Power,2025-04-04,2025-04-08,610.21,588.64,-3.53,1,False,Close below 20 EMA (605.08)
PHCL,Peoples Hydropower Company Limited,Hydro Power,2025-04-16,2025-04-23,608.74,600.18,-1.41,5,False,Close below 20 EMA (603.46)
PHCL,Peoples Hydropower Company Limited,Hydro Power,2025-07-18,2025-07-21,527.17,511.36,-3.0,1,False,Close below 20 EMA (511.93); Close below 200 EMA (526.00)
PMHPL,Panchakanya Mai Hydropower Ltd,Hydro Power,2023-04-06,2023-04-07,242.0,237.0,-2.07,1,False,Close below 20 EMA (244.29); Close below 200 EMA (237.17)
PMHPL,Panchakanya Mai Hydropower Ltd,Hydro Power,2024-04-10,2024-04-11,240.9,235.0,-2.45,1,False,Close below 20 EMA (243.62)
PMHPL,Panchakanya Mai Hydropower Ltd,Hydro Power,2024-06-10,2024-06-24,233.3,229.8,-1.5,9,False,Close below 20 EMA (233.51)
PMHPL,Panchakanya Mai Hydropower Ltd,Hydro Power,2024-07-08,2024-07-09,232.4,227.5,-2.11,1,False,Close below 20 EMA (230.34); Close below 200 EMA (228.07)
PMHPL,Panchakanya Mai Hydropower Ltd,Hydro Power,2024-07-12,2024-07-17,232.9,257.5,10.56,3,False,RSI overbought (72.6 >= 70)
PMHPL,Panchakanya Mai Hydropower Ltd,Hydro Power,2024-10-02,2024-10-03,269.9,262.9,-2.59,1,False,Close below 20 EMA (266.29)
PMHPL,Panchakanya Mai Hydropower Ltd,Hydro Power,2025-01-06,2025-01-14,281.0,278.0,-1.07,6,False,Close below 20 EMA (280.67)
PMHPL,Panchakanya Mai Hydropower Ltd,Hydro Power,2025-03-31,2025-04-02,298.93,292.21,-2.25,1,False,Close below 20 EMA (299.09)
PMHPL,Panchakanya Mai Hydropower Ltd,Hydro Power,2025-04-16,2025-05-06,303.6,306.27,0.88,13,False,Close below 20 EMA (308.92)
PMHPL,Panchakanya Mai Hydropower Ltd,Hydro Power,2025-06-09,2025-06-12,293.01,294.69,0.57,3,False,Close below 20 EMA (295.06)
PMHPL,Panchakanya Mai Hydropower Ltd,Hydro Power,2025-08-12,2025-08-13,406.76,395.17,-2.85,1,False,Close below 20 EMA (395.25)
PMHPL,Panchakanya Mai Hydropower Ltd,Hydro Power,2025-11-04,2025-11-05,353.8,335.0,-5.31,1,False,Close below 200 EMA (335.16)
PMLI,Prabhu Mahalaxmi Life Insurance Limited,Life Insurance,2024-01-30,2024-01-31,448.39,435.44,-2.89,1,False,Close below 20 EMA (449.59)
PMLI,Prabhu Mahalaxmi Life Insurance Limited,Life Insurance,2024-03-10,2024-03-27,415.2,423.3,1.95,10,False,Close below 20 EMA (424.90)
PMLI,Prabhu Mahalaxmi Life Insurance Limited,Life Insurance,2024-04-08,2024-04-10,424.92,417.63,-1.72,1,False,Close below 20 EMA (420.38)
PMLI,Prabhu Mahalaxmi Life Insurance Limited,Life Insurance,2024-10-02,2024-10-25,489.67,494.39,0.96,13,False,Close below 20 EMA (495.45)
PMLI,Prabhu Mahalaxmi Life Insurance Limited,Life Insurance,2024-11-28,2024-12-06,505.61,496.8,-1.74,6,False,Close below 20 EMA (501.89)
PMLI,Prabhu Mahalaxmi Life Insurance Limited,Life Insurance,2025-04-18,2025-04-21,504.02,499.07,-0.98,1,False,Close below 20 EMA (501.18)
PMLI,Prabhu Mahalaxmi Life Insurance Limited,Life Insurance,2025-04-24,2025-04-25,493.91,491.86,-0.42,1,False,Close below 20 EMA (498.00)
PMLI,Prabhu Mahalaxmi Life Insurance Limited,Life Insurance,2025-04-28,2025-04-29,491.55,496.61,1.03,1,False,Close below 20 EMA (497.31)
PMLI,Prabhu Mahalaxmi Life Insurance Limited,Life Insurance,2025-05-08,2025-05-12,500.95,489.88,-2.21,2,False,Close below 20 EMA (493.68)
PPCL,Panchthar Power Company Limited,Hydro Power,2023-03-10,2023-03-13,357.0,350.1,-1.93,1,False,Close below 20 EMA (353.95)
PPCL,Panchthar Power Company Limited,Hydro Power,2023-04-12,2023-04-18,347.0,342.6,-1.27,4,False,Close below 20 EMA (348.78)
PPCL,Panchthar Power Company Limited,Hydro Power,2023-05-19,2023-05-31,335.0,331.5,-1.04,6,False,Close below 20 EMA (335.16); Close below 200 EMA (333.93)
PPCL,Panchthar Power Company Limited,Hydro Power,2023-06-05,2023-06-20,338.0,331.9,-1.8,11,False,Close below 20 EMA (343.73); Close below 200 EMA (335.23)
PPCL,Panchthar Power Company Limited,Hydro Power,2024-10-08,2024-10-09,269.5,258.3,-4.16,1,False,Close below 20 EMA (270.28); Close below 200 EMA (267.67)
PPCL,Panchthar Power Company Limited,Hydro Power,2024-10-30,2024-10-31,269.9,267.0,-1.07,1,False,Close below 200 EMA (267.20)
PPCL,Panchthar Power Company Limited,Hydro Power,2024-11-27,2024-12-02,274.7,320.0,16.49,3,False,RSI overbought (72.7 >= 70)
PPCL,Panchthar Power Company Limited,Hydro Power,2025-03-28,2025-03-31,313.41,317.0,1.15,1,False,Close below 20 EMA (317.74)
PPCL,Panchthar Power Company Limited,Hydro Power,2025-06-04,2025-06-06,329.38,326.78,-0.79,1,False,Close below 20 EMA (331.43)
PPCL,Panchthar Power Company Limited,Hydro Power,2025-12-10,2026-01-27,334.0,375.0,12.28,29,False,RSI overbought (72.3 >= 70)
PPL,People's Power Limited,Hydro Power,2024-05-15,2024-05-17,406.67,393.33,-3.28,2,False,Close below 20 EMA (406.32)
PPL,People's Power Limited,Hydro Power,2024-06-11,2024-06-13,351.93,350.67,-0.36,2,False,Close below 20 EMA (352.59)
PPL,People's Power Limited,Hydro Power,2024-06-26,2024-06-27,349.33,342.8,-1.87,1,False,Close below 20 EMA (345.50)
PPL,People's Power Limited,Hydro Power,2025-04-23,2025-04-24,387.06,375.51,-2.98,1,False,Close below 20 EMA (382.96); Close below 200 EMA (377.58)
PPL,People's Power Limited,Hydro Power,2026-04-16,2026-04-17,386.0,373.0,-3.37,1,False,Close below 20 EMA (376.85)
PRIN,Prabhu Insurance Ltd.,Non-Life Insurance,2023-09-12,2023-09-13,501.56,492.19,-1.87,1,False,Close below 20 EMA (499.67)
PRIN,Prabhu Insurance Ltd.,Non-Life Insurance,2023-09-14,2023-09-18,509.83,490.77,-3.74,1,False,Close below 20 EMA (499.70)
PRIN,Prabhu Insurance Ltd.,Non-Life Insurance,2024-04-01,2024-04-02,577.56,572.35,-0.9,1,False,Close below 20 EMA (575.95)
PRIN,Prabhu Insurance Ltd.,Non-Life Insurance,2024-04-19,2024-05-07,574.95,594.93,3.48,10,False,Close below 20 EMA (596.25)
PRIN,Prabhu Insurance Ltd.,Non-Life Insurance,2025-01-06,2025-01-13,758.58,755.0,-0.47,5,False,Close below 20 EMA (755.02)
PRIN,Prabhu Insurance Ltd.,Non-Life Insurance,2025-03-10,2025-03-11,771.06,767.78,-0.43,1,False,Close below 20 EMA (778.73)
PRIN,Prabhu Insurance Ltd.,Non-Life Insurance,2025-08-28,2025-09-01,721.23,717.57,-0.51,2,False,Close below 20 EMA (720.67)
PRIN,Prabhu Insurance Ltd.,Non-Life Insurance,2026-04-09,2026-04-17,688.13,680.0,-1.18,5,False,Close below 20 EMA (684.07)
PRIN,Prabhu Insurance Ltd.,Non-Life Insurance,2026-07-11,2026-07-14,683.0,676.8,-0.91,1,False,Close below 20 EMA (687.72)
PROFL,Progressive Finance Limited,Finance,2023-04-13,2023-04-17,328.0,311.1,-5.15,2,False,Close below 20 EMA (315.72)
PROFL,Progressive Finance Limited,Finance,2023-04-20,2023-04-21,310.0,310.0,0.0,1,False,Close below 20 EMA (314.04)
PROFL,Progressive Finance Limited,Finance,2024-02-02,2024-02-05,318.0,316.1,-0.6,1,False,Close below 20 EMA (320.92); Close below 200 EMA (317.19)
PROFL,Progressive Finance Limited,Finance,2024-10-03,2024-11-25,599.0,679.0,13.36,28,False,Close below 20 EMA (692.97)
PROFL,Progressive Finance Limited,Finance,2025-01-08,2025-01-10,626.2,626.0,-0.03,2,False,Close below 20 EMA (635.94)
PROFL,Progressive Finance Limited,Finance,2025-02-06,2025-03-06,565.0,590.0,4.42,18,False,Close below 20 EMA (598.09)
PROFL,Progressive Finance Limited,Finance,2025-03-31,2025-04-02,558.71,545.76,-2.32,1,False,Close below 20 EMA (554.87); Close below 200 EMA (554.31)
PROFL,Progressive Finance Limited,Finance,2025-04-03,2025-04-04,565.24,550.74,-2.57,1,False,Close below 20 EMA (555.37); Close below 200 EMA (554.38)
PRVU,Prabhu Bank Limited,Commercial Banks,2024-10-02,2024-10-24,241.9,248.0,2.52,12,False,Close below 20 EMA (248.97)
PRVU,Prabhu Bank Limited,Commercial Banks,2024-10-30,2024-11-06,251.8,246.0,-2.3,2,False,Close below 20 EMA (246.94)
PRVU,Prabhu Bank Limited,Commercial Banks,2024-12-12,2024-12-13,231.5,225.0,-2.81,1,False,Close below 20 EMA (233.13)
PRVU,Prabhu Bank Limited,Commercial Banks,2025-02-18,2025-03-06,224.0,224.4,0.18,10,False,Close below 20 EMA (224.63)
PRVU,Prabhu Bank Limited,Commercial Banks,2025-03-31,2025-04-02,214.99,211.77,-1.5,1,False,Close below 20 EMA (215.43); Close below 200 EMA (212.72)
PRVU,Prabhu Bank Limited,Commercial Banks,2025-04-18,2025-04-21,212.86,209.57,-1.55,1,False,Close below 20 EMA (212.02); Close below 200 EMA (212.49)
PRVU,Prabhu Bank Limited,Commercial Banks,2026-04-18,2026-04-21,206.0,204.9,-0.53,1,False,Close below 20 EMA (208.78)
PRVU,Prabhu Bank Limited,Commercial Banks,2026-05-26,2026-05-27,202.6,200.0,-1.28,1,False,Close below 200 EMA (201.09)
PURE,Pure Energy Ltd.,Others,2026-04-24,2026-04-25,920.0,917.0,-0.33,1,False,Close below 20 EMA (931.06)
PURE,Pure Energy Ltd.,Others,2026-04-28,2026-04-30,939.0,907.0,-3.41,2,False,Close below 20 EMA (930.07)
PURE,Pure Energy Ltd.,Others,2026-05-08,2026-06-02,927.6,924.0,-0.39,15,False,Close below 20 EMA (954.79)
RADHI,Radhi Bidyut Company Ltd,Hydro Power,2023-06-26,2023-06-27,232.4,231.4,-0.43,1,False,Close below 20 EMA (231.59)
RADHI,Radhi Bidyut Company Ltd,Hydro Power,2024-05-15,2024-05-16,225.3,224.34,-0.43,1,False,Close below 200 EMA (224.71)
RADHI,Radhi Bidyut Company Ltd,Hydro Power,2024-12-04,2024-12-09,379.86,372.79,-1.86,3,False,Close below 20 EMA (377.60)
RADHI,Radhi Bidyut Company Ltd,Hydro Power,2025-01-10,2025-01-13,356.0,350.0,-1.69,1,False,Close below 20 EMA (353.02)
RADHI,Radhi Bidyut Company Ltd,Hydro Power,2025-01-23,2025-02-03,355.0,395.0,11.27,5,False,RSI overbought (70.8 >= 70)
RADHI,Radhi Bidyut Company Ltd,Hydro Power,2025-03-31,2025-04-04,390.49,440.61,12.84,3,False,RSI overbought (70.8 >= 70)
RADHI,Radhi Bidyut Company Ltd,Hydro Power,2025-10-29,2025-11-13,723.0,745.0,3.04,11,False,Close below 20 EMA (745.45)
RADHI,Radhi Bidyut Company Ltd,Hydro Power,2025-12-18,2025-12-23,732.9,725.0,-1.08,3,False,Close below 20 EMA (733.38)
RADHI,Radhi Bidyut Company Ltd,Hydro Power,2026-01-06,2026-01-14,750.0,819.0,9.2,5,False,RSI overbought (71.0 >= 70)
RADHI,Radhi Bidyut Company Ltd,Hydro Power,2026-05-23,2026-06-02,783.0,770.0,-1.66,4,False,Close below 20 EMA (776.45)
RAWA,Rawa Energy Development Limited,Hydro Power,2024-12-25,2024-12-30,805.9,783.9,-2.73,2,False,Close below 20 EMA (796.79)
RAWA,Rawa Energy Development Limited,Hydro Power,2025-01-02,2025-01-08,795.0,794.0,-0.13,4,False,Close below 20 EMA (794.89)
RAWA,Rawa Energy Development Limited,Hydro Power,2025-03-18,2025-03-19,885.0,871.1,-1.57,1,False,Close below 20 EMA (886.10)
RAWA,Rawa Energy Development Limited,Hydro Power,2025-03-20,2025-03-21,902.1,883.83,-2.03,1,False,Close below 20 EMA (887.27)
RAWA,Rawa Energy Development Limited,Hydro Power,2025-03-31,2025-04-03,871.29,865.36,-0.68,2,False,Close below 20 EMA (872.72)
RAWA,Rawa Energy Development Limited,Hydro Power,2025-04-22,2025-04-23,857.16,858.7,0.18,1,False,Close below 20 EMA (864.53)
RAWA,Rawa Energy Development Limited,Hydro Power,2025-05-08,2025-05-09,854.78,844.85,-1.16,1,False,Close below 20 EMA (851.09)
RAWA,Rawa Energy Development Limited,Hydro Power,2025-07-17,2025-07-29,796.02,796.9,0.11,8,False,Close below 20 EMA (808.34)
RBCL,Rastriya Beema Company Limited,Non-Life Insurance,2023-08-23,2023-08-25,15179.0,15022.0,-1.03,2,False,Close below 20 EMA (15312.38)
RBCL,Rastriya Beema Company Limited,Non-Life Insurance,2023-09-22,2023-09-25,14560.0,14380.0,-1.24,1,False,Close below 20 EMA (14671.92); Close below 200 EMA (14434.31)
RBCL,Rastriya Beema Company Limited,Non-Life Insurance,2024-01-24,2024-01-25,14280.0,14270.0,-0.07,1,False,Close below 20 EMA (14283.47)
RBCL,Rastriya Beema Company Limited,Non-Life Insurance,2024-02-13,2024-02-14,14200.0,14000.0,-1.41,1,False,Close below 20 EMA (14126.83); Close below 200 EMA (14173.03)
RBCL,Rastriya Beema Company Limited,Non-Life Insurance,2024-10-02,2024-10-03,17420.0,16950.0,-2.7,1,False,Close below 20 EMA (17492.01)
RBCL,Rastriya Beema Company Limited,Non-Life Insurance,2024-11-12,2024-11-14,17380.0,17150.1,-1.32,2,False,Close below 20 EMA (17228.46)
RBCL,Rastriya Beema Company Limited,Non-Life Insurance,2024-11-21,2024-11-22,16900.0,16800.0,-0.59,1,False,Close below 20 EMA (17108.97)
RBCL,Rastriya Beema Company Limited,Non-Life Insurance,2024-11-25,2024-11-26,17098.0,16950.0,-0.87,1,False,Close below 20 EMA (17092.88)
RBCL,Rastriya Beema Company Limited,Non-Life Insurance,2024-12-05,2024-12-11,17200.0,17188.0,-0.07,4,False,Close below 20 EMA (17257.27)
RBCL,Rastriya Beema Company Limited,Non-Life Insurance,2025-08-25,2025-08-26,15426.0,15494.77,0.45,1,False,Close below 20 EMA (15545.21)
RBCL,Rastriya Beema Company Limited,Non-Life Insurance,2026-04-09,2026-04-11,15450.0,15251.0,-1.29,2,False,Close below 20 EMA (15384.23)
RBCL,Rastriya Beema Company Limited,Non-Life Insurance,2026-05-27,2026-06-02,15347.7,15205.1,-0.93,2,False,Close below 20 EMA (15210.17)
RFPL,River Falls Power Limited,Hydro Power,2023-06-05,2023-06-08,184.0,210.5,14.4,3,False,RSI overbought (70.7 >= 70)
RFPL,River Falls Power Limited,Hydro Power,2024-05-15,2024-05-16,223.65,219.95,-1.65,1,False,Close below 20 EMA (226.50)
RFPL,River Falls Power Limited,Hydro Power,2024-05-17,2024-05-28,233.0,233.35,0.15,6,False,Close below 20 EMA (233.90)
RFPL,River Falls Power Limited,Hydro Power,2024-10-24,2024-10-25,316.0,311.0,-1.58,1,False,Close below 20 EMA (313.52)
RFPL,River Falls Power Limited,Hydro Power,2026-01-07,2026-01-13,370.0,367.0,-0.81,3,False,Close below 200 EMA (368.38)
RHGCL,Rapti Hydro and General Construction Limited,Hydro Power,2024-06-03,2024-06-04,230.95,223.5,-3.23,1,False,Close below 20 EMA (227.82)
RHGCL,Rapti Hydro and General Construction Limited,Hydro Power,2024-06-07,2024-06-10,227.5,226.95,-0.24,1,False,Close below 20 EMA (227.13)
RHGCL,Rapti Hydro and General Construction Limited,Hydro Power,2024-09-17,2024-09-19,259.0,254.0,-1.93,1,False,Close below 20 EMA (254.55)
RHGCL,Rapti Hydro and General Construction Limited,Hydro Power,2025-03-18,2025-03-19,367.5,343.0,-6.67,1,False,Close below 20 EMA (364.60)
RHGCL,Rapti Hydro and General Construction Limited,Hydro Power,2025-05-01,2025-05-05,310.88,301.82,-2.91,1,False,Close below 20 EMA (313.57)
RHGCL,Rapti Hydro and General Construction Limited,Hydro Power,2025-05-08,2025-05-19,320.38,317.56,-0.88,6,False,Close below 20 EMA (318.74)
RHGCL,Rapti Hydro and General Construction Limited,Hydro Power,2025-06-30,2025-07-02,325.62,387.86,19.11,2,False,RSI overbought (71.4 >= 70)
RHGCL,Rapti Hydro and General Construction Limited,Hydro Power,2025-07-29,2025-07-31,357.05,340.96,-4.51,2,False,Close below 20 EMA (351.30)
RHGCL,Rapti Hydro and General Construction Limited,Hydro Power,2026-05-09,2026-05-14,297.0,297.0,0.0,3,False,Close below 20 EMA (297.80)
RHGCL,Rapti Hydro and General Construction Limited,Hydro Power,2026-06-03,2026-06-04,294.8,294.9,0.03,1,False,Close below 20 EMA (298.01)
RHPL,RASUWAGADHI HYDROPOWER COMPANY LIMITED,Hydro Power,2023-03-17,2023-03-20,302.0,306.0,1.32,1,False,Close below 20 EMA (306.22)
RHPL,RASUWAGADHI HYDROPOWER COMPANY LIMITED,Hydro Power,2023-05-19,2023-06-01,289.0,278.0,-3.81,7,False,Close below 20 EMA (286.84); Close below 200 EMA (286.68)
RHPL,RASUWAGADHI HYDROPOWER COMPANY LIMITED,Hydro Power,2023-06-05,2023-06-14,293.9,335.0,13.98,7,False,RSI overbought (71.3 >= 70)
RHPL,RASUWAGADHI HYDROPOWER COMPANY LIMITED,Hydro Power,2023-07-24,2023-07-25,313.0,310.0,-0.96,1,False,Close below 20 EMA (310.11)
RHPL,RASUWAGADHI HYDROPOWER COMPANY LIMITED,Hydro Power,2025-01-06,2025-01-09,448.0,436.1,-2.66,3,False,Close below 20 EMA (441.14)
RHPL,RASUWAGADHI HYDROPOWER COMPANY LIMITED,Hydro Power,2025-04-17,2025-04-29,398.46,389.46,-2.26,8,False,Close below 20 EMA (392.84); Close below 200 EMA (391.07)
RIDI,Ridi Power Company Limited,Hydro Power,2024-10-02,2024-10-03,236.0,226.7,-3.94,1,False,Close below 20 EMA (232.96)
RIDI,Ridi Power Company Limited,Hydro Power,2025-01-07,2025-01-13,228.8,226.0,-1.22,4,False,Close below 20 EMA (227.27)
RIDI,Ridi Power Company Limited,Hydro Power,2025-01-21,2025-01-22,225.4,224.5,-0.4,1,False,Close below 20 EMA (225.45)
RIDI,Ridi Power Company Limited,Hydro Power,2025-01-23,2025-02-03,230.9,249.6,8.1,5,False,RSI overbought (71.5 >= 70)
RIDI,Ridi Power Company Limited,Hydro Power,2025-02-17,2025-02-19,232.8,233.0,0.09,2,False,Close below 20 EMA (234.00)
RIDI,Ridi Power Company Limited,Hydro Power,2025-04-28,2025-05-05,228.95,265.01,15.75,4,False,RSI overbought (72.4 >= 70)
RIDI,Ridi Power Company Limited,Hydro Power,2025-09-24,2025-09-25,245.0,236.0,-3.67,1,False,Close below 20 EMA (238.98); Close below 200 EMA (244.17)
RIDI,Ridi Power Company Limited,Hydro Power,2026-07-08,2026-07-09,335.5,324.0,-3.43,1,False,Close below 20 EMA (336.72)
RLFL,Reliance Finance Ltd.,Finance,2023-09-12,2023-09-13,326.0,318.0,-2.45,1,False,Close below 20 EMA (318.27)
RLFL,Reliance Finance Ltd.,Finance,2024-02-15,2024-02-16,376.0,366.0,-2.66,1,False,Close below 20 EMA (370.56)
RLFL,Reliance Finance Ltd.,Finance,2024-02-26,2024-02-27,362.0,360.1,-0.52,1,False,Close below 20 EMA (364.75)
RLFL,Reliance Finance Ltd.,Finance,2024-04-25,2024-05-06,368.0,366.0,-0.54,6,False,Close below 20 EMA (371.09)
RLFL,Reliance Finance Ltd.,Finance,2025-01-09,2025-01-13,618.0,580.2,-6.12,2,False,Close below 20 EMA (591.83)
RLFL,Reliance Finance Ltd.,Finance,2025-01-14,2025-01-16,588.0,568.0,-3.4,1,False,Close below 20 EMA (589.23)
RLFL,Reliance Finance Ltd.,Finance,2025-02-13,2025-02-18,550.0,666.0,21.09,3,False,RSI overbought (71.8 >= 70)
RLFL,Reliance Finance Ltd.,Finance,2025-03-31,2025-04-02,546.89,533.28,-2.49,1,False,Close below 20 EMA (545.62); Close below 200 EMA (546.05)
RLFL,Reliance Finance Ltd.,Finance,2025-04-03,2025-04-08,557.71,525.89,-5.71,2,False,Close below 20 EMA (544.80); Close below 200 EMA (545.98)
RNLI,Reliable Nepal Life Insurance Limited,Life Insurance,2024-10-23,2024-10-24,441.07,443.75,0.61,1,False,Close below 20 EMA (446.39)
RNLI,Reliable Nepal Life Insurance Limited,Life Insurance,2024-10-29,2024-11-22,447.32,457.14,2.2,13,False,Close below 20 EMA (461.45)
RNLI,Reliable Nepal Life Insurance Limited,Life Insurance,2025-01-07,2025-02-03,452.68,481.25,6.31,16,False,RSI overbought (70.9 >= 70)
RNLI,Reliable Nepal Life Insurance Limited,Life Insurance,2025-03-31,2025-04-02,493.05,490.99,-0.42,1,False,Close below 20 EMA (491.97)
RNLI,Reliable Nepal Life Insurance Limited,Life Insurance,2025-08-20,2025-08-21,483.3,476.02,-1.51,1,False,Close below 20 EMA (482.98)
RNLI,Reliable Nepal Life Insurance Limited,Life Insurance,2025-08-25,2025-08-26,474.59,475.65,0.22,1,False,Close below 20 EMA (481.11)
RNLI,Reliable Nepal Life Insurance Limited,Life Insurance,2025-09-24,2025-09-26,467.0,461.9,-1.09,2,False,Close below 20 EMA (465.02); Close below 200 EMA (465.05)
RNLI,Reliable Nepal Life Insurance Limited,Life Insurance,2025-09-29,2025-10-08,472.0,451.3,-4.39,1,False,Close below 20 EMA (464.32); Close below 200 EMA (464.99)
RNLI,Reliable Nepal Life Insurance Limited,Life Insurance,2025-11-17,2025-12-08,472.7,482.9,2.16,14,False,Close below 20 EMA (484.35)
RNLI,Reliable Nepal Life Insurance Limited,Life Insurance,2026-01-21,2026-01-28,476.8,470.0,-1.43,5,False,Close below 20 EMA (473.69)
RSDC,RSDC Laghubitta Bittiya Sanstha Ltd.,Microfinance,2023-08-21,2023-08-22,476.89,464.19,-2.66,1,False,Close below 20 EMA (479.42)
RSDC,RSDC Laghubitta Bittiya Sanstha Ltd.,Microfinance,2023-11-07,2023-11-08,470.91,469.23,-0.36,1,False,Close below 20 EMA (472.60)
RSDC,RSDC Laghubitta Bittiya Sanstha Ltd.,Microfinance,2024-03-06,2024-03-13,482.19,544.29,12.88,4,False,RSI overbought (73.0 >= 70)
RSDC,RSDC Laghubitta Bittiya Sanstha Ltd.,Microfinance,2024-07-03,2024-07-04,610.05,609.13,-0.15,1,False,Close below 20 EMA (612.97)
RSDC,RSDC Laghubitta Bittiya Sanstha Ltd.,Microfinance,2024-10-02,2024-10-03,652.05,641.83,-1.57,1,False,Close below 20 EMA (651.34)
RSDC,RSDC Laghubitta Bittiya Sanstha Ltd.,Microfinance,2024-12-25,2025-01-14,673.06,670.1,-0.44,12,False,Close below 20 EMA (676.98)
RSDC,RSDC Laghubitta Bittiya Sanstha Ltd.,Microfinance,2025-03-18,2025-03-19,719.9,705.0,-2.07,1,False,Close below 20 EMA (715.90)
RSDC,RSDC Laghubitta Bittiya Sanstha Ltd.,Microfinance,2025-03-20,2025-03-21,713.0,714.07,0.15,1,False,Close below 20 EMA (715.47)
RSDC,RSDC Laghubitta Bittiya Sanstha Ltd.,Microfinance,2025-03-25,2025-03-26,712.6,690.25,-3.14,1,False,Close below 20 EMA (711.64)
RSDC,RSDC Laghubitta Bittiya Sanstha Ltd.,Microfinance,2025-03-27,2025-04-09,703.78,714.74,1.56,7,False,Close below 20 EMA (716.29)
RURU,Ru Ru Jalbidhyut Pariyojana Limited,Hydro Power,2023-09-11,2023-09-13,607.91,611.85,0.65,2,False,Close below 20 EMA (615.65)
RURU,Ru Ru Jalbidhyut Pariyojana Limited,Hydro Power,2023-09-22,2023-09-25,624.9,611.7,-2.11,1,False,Close below 20 EMA (613.66)
RURU,Ru Ru Jalbidhyut Pariyojana Limited,Hydro Power,2024-09-19,2024-10-17,603.16,721.82,19.67,15,False,RSI overbought (70.6 >= 70)
RURU,Ru Ru Jalbidhyut Pariyojana Limited,Hydro Power,2024-11-27,2024-11-29,680.0,678.18,-0.27,2,False,Close below 20 EMA (679.82)
RURU,Ru Ru Jalbidhyut Pariyojana Limited,Hydro Power,2024-12-05,2024-12-06,677.27,672.73,-0.67,1,False,Close below 20 EMA (677.62)
RURU,Ru Ru Jalbidhyut Pariyojana Limited,Hydro Power,2025-05-09,2025-05-12,651.3,645.35,-0.91,1,False,Close below 20 EMA (653.93)
RURU,Ru Ru Jalbidhyut Pariyojana Limited,Hydro Power,2025-06-11,2025-06-24,645.96,646.83,0.13,9,False,Close below 20 EMA (649.71)
RURU,Ru Ru Jalbidhyut Pariyojana Limited,Hydro Power,2025-08-25,2025-08-26,673.02,675.98,0.44,1,False,Close below 20 EMA (679.85)
RURU,Ru Ru Jalbidhyut Pariyojana Limited,Hydro Power,2025-10-08,2025-10-13,666.36,650.73,-2.35,3,False,Close below 20 EMA (658.90); Close below 200 EMA (655.77)
RURU,Ru Ru Jalbidhyut Pariyojana Limited,Hydro Power,2025-10-31,2025-11-10,655.36,754.55,15.14,6,False,RSI overbought (74.3 >= 70)
RURU,Ru Ru Jalbidhyut Pariyojana Limited,Hydro Power,2026-02-10,2026-02-11,667.0,659.1,-1.18,1,False,Close below 20 EMA (669.11); Close below 200 EMA (664.16)
SADBL,Shangrila Development Bank Ltd.,Development Bank Limited,2023-02-28,2023-03-02,274.13,269.3,-1.76,2,False,Close below 20 EMA (271.96)
SADBL,Shangrila Development Bank Ltd.,Development Bank Limited,2023-03-10,2023-03-13,272.51,269.87,-0.97,1,False,Close below 20 EMA (269.97)
SADBL,Shangrila Development Bank Ltd.,Development Bank Limited,2023-08-11,2023-08-14,273.46,275.74,0.83,1,False,Close below 20 EMA (277.42)
SADBL,Shangrila Development Bank Ltd.,Development Bank Limited,2023-09-20,2023-09-28,270.4,271.53,0.42,5,False,Close below 20 EMA (271.81)
SADBL,Shangrila Development Bank Ltd.,Development Bank Limited,2024-04-08,2024-04-11,277.49,273.81,-1.33,2,False,Close below 20 EMA (275.11)
SADBL,Shangrila Development Bank Ltd.,Development Bank Limited,2024-04-29,2024-05-30,275.47,288.51,4.73,20,False,Close below 20 EMA (288.57)
SADBL,Shangrila Development Bank Ltd.,Development Bank Limited,2024-10-02,2024-10-03,393.26,383.15,-2.57,1,False,Close below 20 EMA (384.03)
SADBL,Shangrila Development Bank Ltd.,Development Bank Limited,2025-01-09,2025-01-10,391.43,380.95,-2.68,1,False,Close below 20 EMA (383.54)
SADBL,Shangrila Development Bank Ltd.,Development Bank Limited,2025-01-23,2025-01-24,381.9,377.14,-1.25,1,False,Close below 20 EMA (377.39)
SADBL,Shangrila Development Bank Ltd.,Development Bank Limited,2025-01-29,2025-02-11,386.57,380.0,-1.7,7,False,Close below 20 EMA (382.40)
SADBL,Shangrila Development Bank Ltd.,Development Bank Limited,2025-04-17,2025-04-21,387.7,385.9,-0.46,2,False,Close below 20 EMA (387.86)
SADBL,Shangrila Development Bank Ltd.,Development Bank Limited,2025-05-08,2025-05-09,381.0,376.87,-1.08,1,False,Close below 20 EMA (378.18)
SADBL,Shangrila Development Bank Ltd.,Development Bank Limited,2025-11-03,2025-11-04,394.19,390.95,-0.82,1,False,Close below 200 EMA (392.43)
SADBL,Shangrila Development Bank Ltd.,Development Bank Limited,2026-05-16,2026-05-19,413.9,411.0,-0.7,1,False,Close below 20 EMA (416.29)
SADBL,Shangrila Development Bank Ltd.,Development Bank Limited,2026-05-26,2026-05-27,420.9,414.0,-1.64,1,False,Close below 20 EMA (416.00)
SADBL,Shangrila Development Bank Ltd.,Development Bank Limited,2026-06-04,2026-06-09,417.9,412.5,-1.29,3,False,Close below 20 EMA (416.17)
SAHAS,Sahas Urja Limited,Hydro Power,2023-04-13,2023-04-14,402.21,396.39,-1.45,1,False,Close below 20 EMA (401.64); Close below 200 EMA (399.37)
SAHAS,Sahas Urja Limited,Hydro Power,2023-04-20,2023-04-21,402.51,399.45,-0.76,1,False,Close below 20 EMA (399.83)
SAHAS,Sahas Urja Limited,Hydro Power,2024-04-08,2024-04-11,397.92,397.16,-0.19,2,False,Close below 20 EMA (400.72)
SAHAS,Sahas Urja Limited,Hydro Power,2024-05-01,2024-05-03,389.96,384.14,-1.49,1,False,Close below 20 EMA (390.21); Close below 200 EMA (387.74)
SAHAS,Sahas Urja Limited,Hydro Power,2024-05-15,2024-05-21,390.26,424.7,8.82,4,False,RSI overbought (74.1 >= 70)
SAHAS,Sahas Urja Limited,Hydro Power,2024-06-25,2024-06-26,394.09,390.34,-0.95,1,False,Close below 20 EMA (398.81); Close below 200 EMA (390.68)
SAHAS,Sahas Urja Limited,Hydro Power,2024-07-05,2024-07-24,400.21,464.03,15.95,13,False,RSI overbought (79.0 >= 70)
SAHAS,Sahas Urja Limited,Hydro Power,2024-09-03,2024-09-04,475.21,472.53,-0.56,1,False,Close below 20 EMA (480.23)
SAHAS,Sahas Urja Limited,Hydro Power,2024-09-13,2024-09-16,472.15,451.49,-4.38,1,False,Close below 20 EMA (466.05)
SAHAS,Sahas Urja Limited,Hydro Power,2024-10-24,2024-11-22,417.27,432.98,3.76,16,False,Close below 20 EMA (436.32)
SAHAS,Sahas Urja Limited,Hydro Power,2025-09-22,2025-10-08,519.03,525.62,1.27,5,False,Close below 20 EMA (528.79)
SAHAS,Sahas Urja Limited,Hydro Power,2025-12-22,2025-12-23,549.1,543.8,-0.97,1,False,Close below 20 EMA (546.94)
SAHAS,Sahas Urja Limited,Hydro Power,2026-01-06,2026-01-09,543.0,544.0,0.18,3,False,Close below 20 EMA (547.08)
SAHAS,Sahas Urja Limited,Hydro Power,2026-01-14,2026-01-26,549.0,579.9,5.63,6,False,RSI overbought (72.8 >= 70)
SAHAS,Sahas Urja Limited,Hydro Power,2026-02-12,2026-02-17,555.9,557.0,0.2,2,False,Close below 20 EMA (558.33)
SALICO,Sagarmatha Lumbini Insurance Co. Limited,Non-Life Insurance,2024-10-30,2024-11-18,774.0,761.0,-1.68,9,False,Close below 20 EMA (771.75)
SALICO,Sagarmatha Lumbini Insurance Co. Limited,Non-Life Insurance,2025-02-18,2025-03-10,734.4,739.2,0.65,12,False,Close below 20 EMA (740.32)
SANIMA,Sanima Bank Limited,Commercial Banks,2023-11-27,2023-11-28,243.0,240.0,-1.23,1,False,Close below 200 EMA (242.23)
SANIMA,Sanima Bank Limited,Commercial Banks,2024-11-29,2024-12-02,323.0,319.2,-1.18,1,False,Close below 20 EMA (322.39)
SANIMA,Sanima Bank Limited,Commercial Banks,2025-01-20,2025-01-21,299.8,293.0,-2.27,1,False,Close below 20 EMA (298.36); Close below 200 EMA (297.14)
SANIMA,Sanima Bank Limited,Commercial Banks,2025-02-03,2025-02-05,298.5,296.9,-0.54,2,False,Close below 200 EMA (297.02)
SANIMA,Sanima Bank Limited,Commercial Banks,2025-02-17,2025-02-28,297.0,317.5,6.9,7,False,RSI overbought (70.7 >= 70)
SANIMA,Sanima Bank Limited,Commercial Banks,2025-04-04,2025-04-08,302.75,299.96,-0.92,1,False,Close below 20 EMA (302.05)
SANIMA,Sanima Bank Limited,Commercial Banks,2025-05-01,2025-05-06,300.22,300.48,0.09,2,False,Close below 20 EMA (304.00)
SANIMA,Sanima Bank Limited,Commercial Banks,2026-02-13,2026-02-23,331.9,330.0,-0.57,3,False,Close below 20 EMA (331.14)
SAPDBL,Saptakoshi Development Bank Ltd,Development Bank Limited,2023-03-10,2023-03-14,257.9,249.0,-3.45,2,False,Close below 20 EMA (253.26); Close below 200 EMA (251.02)
SAPDBL,Saptakoshi Development Bank Ltd,Development Bank Limited,2025-02-12,2025-02-19,1269.6,1141.3,-10.11,5,False,Close below 20 EMA (1253.52)
SAPDBL,Saptakoshi Development Bank Ltd,Development Bank Limited,2025-04-28,2025-04-29,1153.02,1055.59,-8.45,1,False,Close below 20 EMA (1120.35)
SAPDBL,Saptakoshi Development Bank Ltd,Development Bank Limited,2025-05-22,2025-05-23,906.72,887.5,-2.12,1,False,Close below 20 EMA (900.64)
SAPDBL,Saptakoshi Development Bank Ltd,Development Bank Limited,2025-05-28,2025-06-19,905.69,954.69,5.41,13,False,Close below 20 EMA (993.70)
SAPDBL,Saptakoshi Development Bank Ltd,Development Bank Limited,2025-06-23,2025-06-24,948.71,911.8,-3.89,1,False,Close below 20 EMA (974.59)
SAPDBL,Saptakoshi Development Bank Ltd,Development Bank Limited,2025-06-27,2025-07-17,995.88,1052.91,5.73,14,False,Close below 20 EMA (1063.73)
SAPDBL,Saptakoshi Development Bank Ltd,Development Bank Limited,2025-08-01,2025-08-04,1002.99,965.3,-3.76,1,False,Close below 20 EMA (979.76)
SARBTM,Sarbottam Cement Limited,Manufacturing And Processing,2025-03-31,2025-04-02,771.73,762.62,-1.18,1,False,Close below 20 EMA (771.02)
SARBTM,Sarbottam Cement Limited,Manufacturing And Processing,2025-04-16,2025-04-28,779.7,860.01,10.3,8,False,RSI overbought (73.0 >= 70)
SARBTM,Sarbottam Cement Limited,Manufacturing And Processing,2025-06-30,2025-07-23,791.76,914.7,15.53,17,False,RSI overbought (77.0 >= 70)
SARBTM,Sarbottam Cement Limited,Manufacturing And Processing,2025-10-29,2025-10-30,810.48,813.33,0.35,1,False,Close below 20 EMA (818.97)
SARBTM,Sarbottam Cement Limited,Manufacturing And Processing,2026-04-10,2026-04-14,875.0,862.5,-1.43,2,False,Close below 20 EMA (874.97)
SARBTM,Sarbottam Cement Limited,Manufacturing And Processing,2026-05-21,2026-06-09,852.0,853.0,0.12,11,False,Close below 20 EMA (858.41)
SARBTM,Sarbottam Cement Limited,Manufacturing And Processing,2026-06-10,2026-06-11,860.0,855.0,-0.58,1,False,Close below 20 EMA (858.22)
SBI,Nepal SBI Bank Limited,Commercial Banks,2023-04-07,2023-04-10,277.23,271.25,-2.16,1,False,Close below 20 EMA (278.24)
SBI,Nepal SBI Bank Limited,Commercial Banks,2023-05-15,2023-05-16,287.5,284.82,-0.93,1,False,Close below 20 EMA (289.49)
SBI,Nepal SBI Bank Limited,Commercial Banks,2023-05-18,2023-05-31,285.63,292.94,2.56,7,False,Close below 20 EMA (293.04)
SBI,Nepal SBI Bank Limited,Commercial Banks,2023-07-13,2023-07-28,301.78,313.38,3.84,11,False,Close below 20 EMA (313.58)
SBI,Nepal SBI Bank Limited,Commercial Banks,2023-08-22,2023-08-23,296.43,299.82,1.14,1,False,Close below 20 EMA (301.07)
SBI,Nepal SBI Bank Limited,Commercial Banks,2023-09-12,2023-09-18,303.57,298.13,-1.79,3,False,Close below 20 EMA (299.13)
SBI,Nepal SBI Bank Limited,Commercial Banks,2025-01-22,2025-01-23,408.65,405.77,-0.7,1,False,Close below 20 EMA (415.20)
SBI,Nepal SBI Bank Limited,Commercial Banks,2025-04-04,2025-04-08,401.48,398.39,-0.77,1,False,Close below 20 EMA (399.51)
SBI,Nepal SBI Bank Limited,Commercial Banks,2025-12-15,2025-12-24,385.58,385.4,-0.05,7,False,Close below 20 EMA (385.96)
SBI,Nepal SBI Bank Limited,Commercial Banks,2026-05-13,2026-05-14,400.0,394.9,-1.28,1,False,Close below 20 EMA (401.91); Close below 200 EMA (398.03)
SBI,Nepal SBI Bank Limited,Commercial Banks,2026-05-23,2026-05-26,405.0,400.0,-1.23,1,False,Close below 20 EMA (400.33)
SBI,Nepal SBI Bank Limited,Commercial Banks,2026-06-06,2026-06-09,399.0,396.9,-0.53,1,False,Close below 20 EMA (399.46); Close below 200 EMA (398.14)
SBL,Siddhartha Bank Limited,Commercial Banks,2024-12-27,2024-12-30,296.57,291.43,-1.73,1,False,Close below 20 EMA (298.64)
SBL,Siddhartha Bank Limited,Commercial Banks,2025-10-29,2025-11-05,343.9,340.0,-1.13,5,False,Close below 20 EMA (341.63)
SBL,Siddhartha Bank Limited,Commercial Banks,2025-11-12,2025-11-13,335.0,328.8,-1.85,1,False,Close below 20 EMA (338.24)
SBL,Siddhartha Bank Limited,Commercial Banks,2026-04-16,2026-04-17,393.9,395.0,0.28,1,False,Close below 20 EMA (395.53)
SBL,Siddhartha Bank Limited,Commercial Banks,2026-07-04,2026-07-07,390.1,388.4,-0.44,1,False,Close below 20 EMA (392.60)
SBL,Siddhartha Bank Limited,Commercial Banks,2026-07-16,2026-07-25,387.9,410.0,5.7,7,False,RSI overbought (72.4 >= 70)
SCB,Standard Chartered Bank Limited,Commercial Banks,2023-03-30,2023-04-03,478.4,473.43,-1.04,2,False,Close below 20 EMA (479.37)
SCB,Standard Chartered Bank Limited,Commercial Banks,2023-04-05,2023-04-06,471.36,472.39,0.22,1,False,Close below 20 EMA (477.35)
SCB,Standard Chartered Bank Limited,Commercial Banks,2023-06-26,2023-07-03,491.08,488.26,-0.57,4,False,Close below 20 EMA (493.23)
SCB,Standard Chartered Bank Limited,Commercial Banks,2023-11-27,2023-11-28,491.17,492.96,0.36,1,False,Close below 20 EMA (495.15)
SCB,Standard Chartered Bank Limited,Commercial Banks,2023-12-19,2023-12-25,489.2,487.14,-0.42,4,False,Close below 20 EMA (492.21); Close below 200 EMA (487.74)
SCB,Standard Chartered Bank Limited,Commercial Banks,2024-03-28,2024-03-29,490.14,487.32,-0.58,1,False,Close below 20 EMA (490.72); Close below 200 EMA (489.93)
SCB,Standard Chartered Bank Limited,Commercial Banks,2025-01-28,2025-02-10,672.0,675.0,0.45,7,False,Close below 20 EMA (676.17)
SCB,Standard Chartered Bank Limited,Commercial Banks,2025-02-11,2025-02-12,673.0,670.0,-0.45,1,False,Close below 20 EMA (675.31)
SCB,Standard Chartered Bank Limited,Commercial Banks,2025-02-18,2025-02-19,666.0,666.6,0.09,1,False,Close below 20 EMA (671.03)
SCB,Standard Chartered Bank Limited,Commercial Banks,2025-02-21,2025-02-25,666.1,664.9,-0.18,2,False,Close below 20 EMA (669.37)
SCB,Standard Chartered Bank Limited,Commercial Banks,2025-03-07,2025-03-10,662.0,655.2,-1.03,1,False,Close below 20 EMA (667.75)
SCB,Standard Chartered Bank Limited,Commercial Banks,2025-08-05,2025-08-06,657.74,645.52,-1.86,1,False,Close below 20 EMA (653.21)
SCB,Standard Chartered Bank Limited,Commercial Banks,2026-02-04,2026-02-05,633.0,631.0,-0.32,1,False,Close below 20 EMA (632.95); Close below 200 EMA (632.80)
SCB,Standard Chartered Bank Limited,Commercial Banks,2026-04-10,2026-04-14,655.0,651.0,-0.61,2,False,Close below 20 EMA (655.57)
SCB,Standard Chartered Bank Limited,Commercial Banks,2026-05-13,2026-05-14,647.0,645.9,-0.17,1,False,Close below 20 EMA (646.49)
SCB,Standard Chartered Bank Limited,Commercial Banks,2026-05-15,2026-05-20,647.0,642.5,-0.7,3,False,Close below 20 EMA (646.39)
SCB,Standard Chartered Bank Limited,Commercial Banks,2026-06-20,2026-06-23,649.1,646.2,-0.45,1,False,Close below 20 EMA (650.95)
SFCL,Samriddhi Finance Company Limited,Finance,2023-04-13,2023-04-18,294.0,284.5,-3.23,3,False,Close below 20 EMA (286.96); Close below 200 EMA (284.78)
SFCL,Samriddhi Finance Company Limited,Finance,2024-10-02,2024-10-22,588.5,615.0,4.5,10,False,Close below 20 EMA (624.80)
SFCL,Samriddhi Finance Company Limited,Finance,2025-01-08,2025-01-13,644.0,654.0,1.55,3,False,Close below 20 EMA (662.94)
SFCL,Samriddhi Finance Company Limited,Finance,2025-01-14,2025-01-16,664.0,633.0,-4.67,1,False,Close below 20 EMA (660.18)
SFCL,Samriddhi Finance Company Limited,Finance,2025-02-06,2025-02-12,590.0,592.0,0.34,4,False,Close below 20 EMA (593.01)
SGHC,Swet-Ganga Hydropower & Construction Limited,Hydro Power,2024-03-29,2024-04-05,317.0,307.0,-3.15,5,False,Close below 20 EMA (314.89)
SGHC,Swet-Ganga Hydropower & Construction Limited,Hydro Power,2024-10-25,2024-12-20,390.0,447.1,14.64,34,False,Close below 20 EMA (457.34)
SGHC,Swet-Ganga Hydropower & Construction Limited,Hydro Power,2025-03-25,2025-03-26,533.03,519.58,-2.52,1,False,Close below 20 EMA (531.82)
SGHC,Swet-Ganga Hydropower & Construction Limited,Hydro Power,2025-03-27,2025-04-08,547.36,518.07,-5.35,6,False,Close below 20 EMA (536.26)
SGHC,Swet-Ganga Hydropower & Construction Limited,Hydro Power,2025-05-09,2025-05-12,497.58,483.3,-2.87,1,False,Close below 20 EMA (488.34)
SGIC,Sanima GIC Insurance Limited,Non-Life Insurance,2024-03-08,2024-03-22,463.34,469.54,1.34,9,False,Close below 20 EMA (470.62)
SGIC,Sanima GIC Insurance Limited,Non-Life Insurance,2024-04-01,2024-04-04,463.26,466.0,0.59,3,False,Close below 20 EMA (468.45)
SGIC,Sanima GIC Insurance Limited,Non-Life Insurance,2024-06-25,2024-06-26,468.66,469.54,0.19,1,False,Close below 20 EMA (473.77)
SGIC,Sanima GIC Insurance Limited,Non-Life Insurance,2025-01-03,2025-01-13,597.03,591.81,-0.87,6,False,Close below 20 EMA (602.02)
SGIC,Sanima GIC Insurance Limited,Non-Life Insurance,2025-01-14,2025-01-16,602.44,594.48,-1.32,1,False,Close below 20 EMA (601.34)
SGIC,Sanima GIC Insurance Limited,Non-Life Insurance,2025-01-21,2025-01-28,592.25,598.18,1.0,5,False,Close below 20 EMA (602.08)
SGIC,Sanima GIC Insurance Limited,Non-Life Insurance,2025-02-14,2025-03-10,605.18,613.95,1.45,14,False,Close below 20 EMA (619.85)
SHEL,Singati Hydro Energy Limited,Hydro Power,2023-05-24,2023-05-31,191.81,183.33,-4.42,3,False,Close below 20 EMA (188.40); Close below 200 EMA (190.80)
SHEL,Singati Hydro Energy Limited,Hydro Power,2024-09-13,2024-09-17,240.76,235.52,-2.18,2,False,Close below 20 EMA (245.37)
SHEL,Singati Hydro Energy Limited,Hydro Power,2024-10-02,2024-10-03,235.24,229.71,-2.35,1,False,Close below 20 EMA (233.66)
SHEL,Singati Hydro Energy Limited,Hydro Power,2024-10-30,2024-11-06,240.95,235.05,-2.45,2,False,Close below 20 EMA (235.31)
SHEL,Singati Hydro Energy Limited,Hydro Power,2025-01-07,2025-02-11,233.33,240.0,2.86,22,False,Close below 20 EMA (241.95)
SHEL,Singati Hydro Energy Limited,Hydro Power,2025-02-25,2025-02-28,242.0,264.1,9.13,2,False,RSI overbought (72.8 >= 70)
SHEL,Singati Hydro Energy Limited,Hydro Power,2025-04-17,2025-04-21,245.41,240.76,-1.89,2,False,Close below 20 EMA (241.37)
SHEL,Singati Hydro Energy Limited,Hydro Power,2025-04-25,2025-05-09,238.83,280.79,17.57,9,False,RSI overbought (71.7 >= 70)
SHEL,Singati Hydro Energy Limited,Hydro Power,2026-01-07,2026-01-08,275.0,271.6,-1.24,1,False,Close below 20 EMA (273.26)
SHEL,Singati Hydro Energy Limited,Hydro Power,2026-01-09,2026-02-12,277.5,328.0,18.2,21,False,RSI overbought (79.1 >= 70)
SHEL,Singati Hydro Energy Limited,Hydro Power,2026-07-16,2026-07-30,298.9,305.0,2.04,10,False,Close below 20 EMA (305.01)
SHINE,Shine Resunga Development Bank Ltd.,Development Bank Limited,2023-03-15,2023-03-16,290.88,287.48,-1.17,1,False,Close below 20 EMA (290.60)
SHINE,Shine Resunga Development Bank Ltd.,Development Bank Limited,2023-04-26,2023-05-01,278.09,272.12,-2.15,3,False,Close below 20 EMA (273.82)
SHINE,Shine Resunga Development Bank Ltd.,Development Bank Limited,2023-05-11,2023-05-12,272.12,271.26,-0.32,1,False,Close below 20 EMA (272.35)
SHINE,Shine Resunga Development Bank Ltd.,Development Bank Limited,2023-11-22,2023-11-28,315.62,340.28,7.81,4,False,RSI overbought (70.4 >= 70)
SHINE,Shine Resunga Development Bank Ltd.,Development Bank Limited,2024-02-15,2024-02-16,370.44,364.79,-1.53,1,False,Close below 20 EMA (367.27)
SHINE,Shine Resunga Development Bank Ltd.,Development Bank Limited,2024-03-07,2024-03-08,351.59,353.38,0.51,1,False,Close below 20 EMA (354.98)
SHINE,Shine Resunga Development Bank Ltd.,Development Bank Limited,2024-03-13,2024-03-20,361.67,351.87,-2.71,5,False,Close below 20 EMA (355.82)
SHINE,Shine Resunga Development Bank Ltd.,Development Bank Limited,2024-03-22,2024-03-26,355.17,350.93,-1.19,1,False,Close below 20 EMA (354.97)
SHINE,Shine Resunga Development Bank Ltd.,Development Bank Limited,2024-04-08,2024-04-11,355.36,347.82,-2.12,2,False,Close below 20 EMA (351.29)
SHINE,Shine Resunga Development Bank Ltd.,Development Bank Limited,2024-04-15,2024-04-16,348.76,348.57,-0.05,1,False,Close below 20 EMA (350.81)
SHINE,Shine Resunga Development Bank Ltd.,Development Bank Limited,2024-04-29,2024-05-03,344.99,377.04,9.29,3,False,RSI overbought (70.5 >= 70)
SHINE,Shine Resunga Development Bank Ltd.,Development Bank Limited,2024-10-02,2024-10-22,459.89,442.92,-3.69,10,False,Close below 20 EMA (454.29)
SHINE,Shine Resunga Development Bank Ltd.,Development Bank Limited,2024-11-15,2024-11-20,450.56,446.79,-0.84,2,False,Close below 20 EMA (453.00)
SHINE,Shine Resunga Development Bank Ltd.,Development Bank Limited,2024-11-21,2024-11-22,454.81,438.31,-3.63,1,False,Close below 20 EMA (451.75)
SHINE,Shine Resunga Development Bank Ltd.,Development Bank Limited,2024-12-17,2024-12-18,440.19,436.42,-0.86,1,False,Close below 20 EMA (443.18)
SHINE,Shine Resunga Development Bank Ltd.,Development Bank Limited,2025-03-12,2025-03-13,424.85,421.36,-0.82,1,False,Close below 20 EMA (421.96)
SHINE,Shine Resunga Development Bank Ltd.,Development Bank Limited,2025-09-24,2025-09-25,411.65,407.67,-0.97,1,False,Close below 20 EMA (409.89); Close below 200 EMA (410.83)
SHINE,Shine Resunga Development Bank Ltd.,Development Bank Limited,2026-02-13,2026-02-18,408.0,403.5,-1.1,2,False,Close below 20 EMA (404.83); Close below 200 EMA (405.03)
SHIVM,SHIVAM CEMENTS LTD,Manufacturing And Processing,2024-02-28,2024-02-29,435.99,434.2,-0.41,1,False,Close below 20 EMA (435.95)
SHIVM,SHIVAM CEMENTS LTD,Manufacturing And Processing,2024-05-13,2024-05-14,448.84,443.81,-1.12,1,False,Close below 20 EMA (453.07); Close below 200 EMA (443.88)
SHIVM,SHIVAM CEMENTS LTD,Manufacturing And Processing,2024-05-20,2024-05-30,457.47,451.18,-1.37,6,False,Close below 20 EMA (454.09)
SHIVM,SHIVAM CEMENTS LTD,Manufacturing And Processing,2024-06-13,2024-06-14,452.35,446.78,-1.23,1,False,Close below 20 EMA (448.59)
SHIVM,SHIVAM CEMENTS LTD,Manufacturing And Processing,2024-10-01,2024-10-22,538.36,532.07,-1.17,11,False,Close below 20 EMA (538.32)
SHIVM,SHIVAM CEMENTS LTD,Manufacturing And Processing,2024-11-27,2024-11-28,528.48,535.84,1.39,1,False,Close below 20 EMA (536.28)
SHIVM,SHIVAM CEMENTS LTD,Manufacturing And Processing,2025-01-07,2025-01-14,519.12,510.24,-1.71,5,False,Close below 20 EMA (511.56)
SHIVM,SHIVAM CEMENTS LTD,Manufacturing And Processing,2025-02-24,2025-03-03,527.9,582.44,10.33,4,False,RSI overbought (73.3 >= 70)
SHIVM,SHIVAM CEMENTS LTD,Manufacturing And Processing,2025-04-16,2025-04-17,519.95,517.72,-0.43,1,False,Close below 20 EMA (519.98)
SHIVM,SHIVAM CEMENTS LTD,Manufacturing And Processing,2025-04-18,2025-04-21,524.0,518.73,-1.01,1,False,Close below 20 EMA (520.21)
SHIVM,SHIVAM CEMENTS LTD,Manufacturing And Processing,2025-05-09,2025-05-12,528.25,517.19,-2.09,1,False,Close below 20 EMA (520.17)
SHIVM,SHIVAM CEMENTS LTD,Manufacturing And Processing,2025-05-21,2025-05-23,525.52,516.73,-1.67,2,False,Close below 20 EMA (517.57)
SHIVM,SHIVAM CEMENTS LTD,Manufacturing And Processing,2025-09-24,2025-09-25,592.1,582.24,-1.67,1,False,Close below 20 EMA (586.00)
SHIVM,SHIVAM CEMENTS LTD,Manufacturing And Processing,2025-11-03,2025-11-17,574.63,580.39,1.0,10,False,Close below 20 EMA (580.60)
SHIVM,SHIVAM CEMENTS LTD,Manufacturing And Processing,2025-11-24,2025-12-04,586.34,581.5,-0.83,8,False,Close below 20 EMA (585.47)
SHIVM,SHIVAM CEMENTS LTD,Manufacturing And Processing,2026-08-15,2026-08-19,631.0,624.5,-1.03,2,False,Close below 20 EMA (636.79); Close below 200 EMA (629.22)
SHL,Soaltee Hotel Limited,Hotels And Tourism,2023-03-21,2023-03-27,170.15,167.89,-1.33,3,False,Close below 20 EMA (168.41)
SHL,Soaltee Hotel Limited,Hotels And Tourism,2023-08-11,2023-08-16,347.6,338.87,-2.51,3,False,Close below 20 EMA (340.88)
SHL,Soaltee Hotel Limited,Hotels And Tourism,2023-11-24,2023-12-07,312.44,313.95,0.48,9,False,Close below 20 EMA (314.96)
SHL,Soaltee Hotel Limited,Hotels And Tourism,2024-03-07,2024-03-08,349.41,345.45,-1.13,1,False,Close below 20 EMA (351.29)
SHL,Soaltee Hotel Limited,Hotels And Tourism,2024-04-08,2024-04-11,354.94,347.03,-2.23,2,False,Close below 20 EMA (349.69)
SHL,Soaltee Hotel Limited,Hotels And Tourism,2024-10-02,2024-10-22,407.03,405.3,-0.43,10,False,Close below 20 EMA (410.49)
SHL,Soaltee Hotel Limited,Hotels And Tourism,2025-01-16,2025-02-12,426.0,428.7,0.63,17,False,Close below 20 EMA (438.47)
SHL,Soaltee Hotel Limited,Hotels And Tourism,2025-02-17,2025-02-21,433.91,436.52,0.6,3,False,Close below 20 EMA (437.26)
SHL,Soaltee Hotel Limited,Hotels And Tourism,2025-04-10,2025-04-25,430.26,431.29,0.24,10,False,Close below 20 EMA (431.41)
SHL,Soaltee Hotel Limited,Hotels And Tourism,2025-12-23,2025-12-24,478.6,479.5,0.19,1,False,Close below 20 EMA (484.21)
SHL,Soaltee Hotel Limited,Hotels And Tourism,2026-02-04,2026-02-09,497.0,498.0,0.2,3,False,Close below 20 EMA (498.94)
SHL,Soaltee Hotel Limited,Hotels And Tourism,2026-06-13,2026-06-16,505.0,500.0,-0.99,1,False,Close below 20 EMA (503.09)
SHL,Soaltee Hotel Limited,Hotels And Tourism,2026-06-19,2026-06-20,494.8,494.0,-0.16,1,False,Close below 20 EMA (500.58)
SHLB,Shrijanshil Laghubitta Bittiya Sanstha Limited,Microfinance,2024-09-04,2024-09-09,1809.0,2178.0,20.4,3,False,RSI overbought (75.4 >= 70)
SHLB,Shrijanshil Laghubitta Bittiya Sanstha Limited,Microfinance,2024-12-18,2024-12-19,2382.0,2418.0,1.51,1,False,Close below 20 EMA (2422.98)
SHLB,Shrijanshil Laghubitta Bittiya Sanstha Limited,Microfinance,2025-01-28,2025-02-12,2620.0,2615.0,-0.19,9,False,Close below 20 EMA (2633.60)
SHLB,Shrijanshil Laghubitta Bittiya Sanstha Limited,Microfinance,2025-02-13,2025-02-14,2590.4,2605.1,0.57,1,False,Close below 20 EMA (2627.16)
SHLB,Shrijanshil Laghubitta Bittiya Sanstha Limited,Microfinance,2025-03-31,2025-04-02,2270.65,2210.11,-2.67,1,False,Close below 20 EMA (2264.54)
SHPC,Sanima Mai Hydropower Ltd.,Hydro Power,2023-03-01,2023-03-02,265.7,263.47,-0.84,1,False,Close below 20 EMA (265.98)
SHPC,Sanima Mai Hydropower Ltd.,Hydro Power,2023-03-16,2023-03-17,265.29,263.64,-0.62,1,False,Close below 20 EMA (263.90)
SHPC,Sanima Mai Hydropower Ltd.,Hydro Power,2023-08-08,2023-08-09,295.05,290.91,-1.4,1,False,Close below 20 EMA (297.11)
SHPC,Sanima Mai Hydropower Ltd.,Hydro Power,2023-08-11,2023-08-15,299.17,295.86,-1.11,2,False,Close below 20 EMA (296.92)
SHPC,Sanima Mai Hydropower Ltd.,Hydro Power,2023-08-17,2023-08-18,291.74,289.5,-0.77,1,False,Close below 20 EMA (295.30)
SHPC,Sanima Mai Hydropower Ltd.,Hydro Power,2024-04-08,2024-04-10,310.73,310.45,-0.09,1,False,Close below 20 EMA (311.08)
SHPC,Sanima Mai Hydropower Ltd.,Hydro Power,2024-10-03,2024-10-22,472.64,476.36,0.79,9,False,Close below 20 EMA (483.73)
SHPC,Sanima Mai Hydropower Ltd.,Hydro Power,2024-12-24,2024-12-25,488.18,491.0,0.58,1,False,Close below 20 EMA (491.00)
SHPC,Sanima Mai Hydropower Ltd.,Hydro Power,2025-01-07,2025-01-13,475.0,471.0,-0.84,4,False,Close below 20 EMA (476.24)
SHPC,Sanima Mai Hydropower Ltd.,Hydro Power,2025-03-28,2025-04-03,471.22,471.48,0.06,3,False,Close below 20 EMA (474.66)
SHPC,Sanima Mai Hydropower Ltd.,Hydro Power,2025-04-04,2025-04-08,479.96,472.13,-1.63,1,False,Close below 20 EMA (474.88)
SHPC,Sanima Mai Hydropower Ltd.,Hydro Power,2025-08-28,2025-08-29,576.3,562.37,-2.42,1,False,Close below 20 EMA (574.64)
SHPC,Sanima Mai Hydropower Ltd.,Hydro Power,2026-02-12,2026-02-18,545.0,536.0,-1.65,3,False,Close below 20 EMA (540.06)
SICL,Shikhar Insurance Co. Ltd.,Non-Life Insurance,2023-02-08,2023-02-13,677.53,659.52,-2.66,3,False,Close below 20 EMA (671.58); Close below 200 EMA (662.71)
SICL,Shikhar Insurance Co. Ltd.,Non-Life Insurance,2023-08-24,2023-08-25,680.96,670.67,-1.51,1,False,Close below 20 EMA (688.05); Close below 200 EMA (670.90)
SICL,Shikhar Insurance Co. Ltd.,Non-Life Insurance,2024-10-30,2024-11-21,737.57,735.76,-0.25,11,False,Close below 20 EMA (736.85)
SICL,Shikhar Insurance Co. Ltd.,Non-Life Insurance,2025-01-22,2025-01-27,689.45,689.2,-0.04,3,False,Close below 200 EMA (689.29)
SICL,Shikhar Insurance Co. Ltd.,Non-Life Insurance,2025-04-10,2025-04-11,732.26,727.75,-0.62,1,False,Close below 20 EMA (736.28)
SICL,Shikhar Insurance Co. Ltd.,Non-Life Insurance,2025-05-08,2025-05-09,732.61,718.82,-1.88,1,False,Close below 20 EMA (738.16)
SIFC,Shree Investment Finance Co. Ltd.,Finance,2023-09-20,2023-10-06,330.83,333.58,0.83,10,False,Close below 20 EMA (334.46)
SIFC,Shree Investment Finance Co. Ltd.,Finance,2024-02-26,2024-02-29,357.33,353.21,-1.15,3,False,Close below 20 EMA (355.63)
SIFC,Shree Investment Finance Co. Ltd.,Finance,2024-10-02,2024-10-22,585.28,588.03,0.47,10,False,Close below 20 EMA (595.98)
SIFC,Shree Investment Finance Co. Ltd.,Finance,2025-02-06,2025-02-10,559.0,545.0,-2.5,2,False,Close below 20 EMA (546.19)
SIFC,Shree Investment Finance Co. Ltd.,Finance,2026-05-26,2026-05-28,545.0,543.0,-0.37,2,False,Close below 200 EMA (544.82)
SIKLES,Sikles Hydropower Limited,Hydro Power,2024-10-02,2024-10-03,619.13,592.26,-4.34,1,False,Close below 20 EMA (611.98)
SIKLES,Sikles Hydropower Limited,Hydro Power,2024-10-07,2024-10-09,597.39,599.57,0.36,2,False,Close below 20 EMA (609.75)
SIKLES,Sikles Hydropower Limited,Hydro Power,2024-10-16,2024-10-23,620.96,617.39,-0.57,5,False,Close below 20 EMA (619.01)
SIKLES,Sikles Hydropower Limited,Hydro Power,2024-11-11,2024-11-18,629.57,698.26,10.91,5,False,RSI overbought (71.7 >= 70)
SIKLES,Sikles Hydropower Limited,Hydro Power,2025-04-18,2025-04-21,962.07,944.42,-1.83,1,False,Close below 20 EMA (977.85)
SINDU,Sindhu Bikash Bank Ltd,Development Bank Limited,2023-08-04,2023-08-07,279.0,268.9,-3.62,1,False,Close below 20 EMA (276.38); Close below 200 EMA (273.31)
SINDU,Sindhu Bikash Bank Ltd,Development Bank Limited,2025-01-06,2025-01-13,830.0,1189.0,43.25,5,False,RSI overbought (71.5 >= 70)
SINDU,Sindhu Bikash Bank Ltd,Development Bank Limited,2025-03-21,2025-03-26,1143.91,1062.2,-7.14,3,False,Close below 20 EMA (1119.50)
SINDU,Sindhu Bikash Bank Ltd,Development Bank Limited,2025-04-16,2025-04-17,1129.99,1080.39,-4.39,1,False,Close below 20 EMA (1125.99)
SINDU,Sindhu Bikash Bank Ltd,Development Bank Limited,2025-04-22,2025-04-23,1075.24,1089.97,1.37,1,False,Close below 20 EMA (1107.17)
SINDU,Sindhu Bikash Bank Ltd,Development Bank Limited,2025-04-29,2025-04-30,1039.27,970.37,-6.63,1,False,Close below 20 EMA (1067.56)
SINDU,Sindhu Bikash Bank Ltd,Development Bank Limited,2025-05-21,2025-05-26,876.3,843.9,-3.7,3,False,Close below 20 EMA (895.72); Close below 200 EMA (862.06)
SINDU,Sindhu Bikash Bank Ltd,Development Bank Limited,2025-05-28,2025-05-29,877.88,886.67,1.0,1,False,Close below 20 EMA (888.67)
SINDU,Sindhu Bikash Bank Ltd,Development Bank Limited,2025-08-01,2025-08-04,859.22,831.06,-3.28,1,False,Close below 20 EMA (836.50); Close below 200 EMA (852.60)
SJCL,SANJEN JALAVIDHYUT COMPANY LIMITED,Hydro Power,2023-04-21,2023-04-24,300.5,292.5,-2.66,1,False,Close below 20 EMA (301.17)
SJCL,SANJEN JALAVIDHYUT COMPANY LIMITED,Hydro Power,2023-05-24,2023-06-01,285.0,272.0,-4.56,4,False,Close below 20 EMA (279.48); Close below 200 EMA (283.10)
SJCL,SANJEN JALAVIDHYUT COMPANY LIMITED,Hydro Power,2023-06-06,2023-06-08,285.1,320.0,12.24,2,False,RSI overbought (71.0 >= 70)
SJCL,SANJEN JALAVIDHYUT COMPANY LIMITED,Hydro Power,2024-03-08,2024-03-11,288.0,284.0,-1.39,1,False,Close below 20 EMA (284.88)
SJCL,SANJEN JALAVIDHYUT COMPANY LIMITED,Hydro Power,2024-03-21,2024-03-26,282.0,278.0,-1.42,2,False,Close below 20 EMA (284.59); Close below 200 EMA (281.91)
SJCL,SANJEN JALAVIDHYUT COMPANY LIMITED,Hydro Power,2024-04-15,2024-04-16,281.8,279.8,-0.71,1,False,Close below 20 EMA (281.15); Close below 200 EMA (281.74)
SJCL,SANJEN JALAVIDHYUT COMPANY LIMITED,Hydro Power,2024-10-25,2024-10-28,330.5,326.1,-1.33,1,False,Close below 20 EMA (330.63)
SJCL,SANJEN JALAVIDHYUT COMPANY LIMITED,Hydro Power,2024-10-30,2024-12-10,337.0,364.1,8.04,24,False,Close below 20 EMA (367.61)
SJCL,SANJEN JALAVIDHYUT COMPANY LIMITED,Hydro Power,2024-12-18,2024-12-19,370.0,363.9,-1.65,1,False,Close below 20 EMA (366.86)
SJCL,SANJEN JALAVIDHYUT COMPANY LIMITED,Hydro Power,2025-01-08,2025-01-13,359.9,355.0,-1.36,3,False,Close below 20 EMA (356.79)
SJCL,SANJEN JALAVIDHYUT COMPANY LIMITED,Hydro Power,2025-03-10,2025-03-11,364.0,350.0,-3.85,1,False,Close below 20 EMA (356.62)
SJCL,SANJEN JALAVIDHYUT COMPANY LIMITED,Hydro Power,2025-04-17,2025-04-18,335.47,333.7,-0.53,1,False,Close below 200 EMA (334.77)
SJLIC,SuryaJyoti Life Insurance Company Limited,Life Insurance,2023-09-22,2023-09-28,506.98,493.83,-2.59,4,False,Close below 20 EMA (494.66)
SJLIC,SuryaJyoti Life Insurance Company Limited,Life Insurance,2024-11-28,2024-12-09,491.0,475.0,-3.26,7,False,Close below 20 EMA (492.34); Close below 200 EMA (476.39)
SKBBL,Sana Kisan Bikas Laghubitta Bittiya sanstha Limited.,Microfinance,2023-08-15,2023-08-28,611.94,613.97,0.33,9,False,Close below 20 EMA (618.44)
SKBBL,Sana Kisan Bikas Laghubitta Bittiya sanstha Limited.,Microfinance,2024-03-11,2024-03-26,651.24,648.15,-0.47,9,False,Close below 20 EMA (653.42)
SKBBL,Sana Kisan Bikas Laghubitta Bittiya sanstha Limited.,Microfinance,2024-04-05,2024-04-10,641.43,635.87,-0.87,2,False,Close below 20 EMA (643.99)
SKBBL,Sana Kisan Bikas Laghubitta Bittiya sanstha Limited.,Microfinance,2024-05-15,2024-05-16,631.93,626.83,-0.81,1,False,Close below 200 EMA (629.70)
SKBBL,Sana Kisan Bikas Laghubitta Bittiya sanstha Limited.,Microfinance,2024-12-13,2024-12-17,713.04,710.65,-0.34,1,False,Close below 20 EMA (720.20)
SKBBL,Sana Kisan Bikas Laghubitta Bittiya sanstha Limited.,Microfinance,2025-03-11,2025-03-12,727.53,722.1,-0.75,1,False,Close below 20 EMA (732.37)
SKBBL,Sana Kisan Bikas Laghubitta Bittiya sanstha Limited.,Microfinance,2025-09-22,2025-10-08,766.84,779.87,1.7,5,False,Close below 20 EMA (782.47)
SKBBL,Sana Kisan Bikas Laghubitta Bittiya sanstha Limited.,Microfinance,2026-03-02,2026-03-09,765.0,812.0,6.14,2,False,RSI overbought (74.9 >= 70)
SKBBL,Sana Kisan Bikas Laghubitta Bittiya sanstha Limited.,Microfinance,2026-05-08,2026-05-15,762.8,765.0,0.29,5,False,Close below 20 EMA (769.01)
SKBBL,Sana Kisan Bikas Laghubitta Bittiya sanstha Limited.,Microfinance,2026-05-16,2026-05-20,766.0,765.0,-0.13,2,False,Close below 20 EMA (768.39)
SKBBL,Sana Kisan Bikas Laghubitta Bittiya sanstha Limited.,Microfinance,2026-06-11,2026-06-12,768.6,764.0,-0.6,1,False,Close below 20 EMA (766.86)
SKBBL,Sana Kisan Bikas Laghubitta Bittiya sanstha Limited.,Microfinance,2026-06-13,2026-06-16,765.0,764.0,-0.13,1,False,Close below 20 EMA (766.43)
SLBBL,Swarojgar Laghubitta Bittiya Sanstha Ltd.,Microfinance,2023-08-17,2023-08-18,515.31,499.39,-3.09,1,False,Close below 20 EMA (511.73)
SLBBL,Swarojgar Laghubitta Bittiya Sanstha Ltd.,Microfinance,2024-10-18,2024-10-21,762.69,744.4,-2.4,1,False,Close below 20 EMA (775.05)
SLBBL,Swarojgar Laghubitta Bittiya Sanstha Ltd.,Microfinance,2024-11-27,2024-12-02,754.05,750.73,-0.44,3,False,Close below 20 EMA (753.66)
SLBBL,Swarojgar Laghubitta Bittiya Sanstha Ltd.,Microfinance,2025-01-08,2025-01-13,713.41,708.09,-0.75,3,False,Close below 20 EMA (709.32)
SLBBL,Swarojgar Laghubitta Bittiya Sanstha Ltd.,Microfinance,2025-01-17,2025-01-20,694.05,691.27,-0.4,1,False,Close below 20 EMA (704.38)
SLBBL,Swarojgar Laghubitta Bittiya Sanstha Ltd.,Microfinance,2025-04-18,2025-04-22,762.41,746.54,-2.08,2,False,Close below 20 EMA (751.70)
SLBBL,Swarojgar Laghubitta Bittiya Sanstha Ltd.,Microfinance,2025-05-19,2025-05-26,729.44,814.86,11.71,5,False,RSI overbought (70.6 >= 70)
SLBBL,Swarojgar Laghubitta Bittiya Sanstha Ltd.,Microfinance,2025-06-18,2025-06-20,770.98,748.91,-2.86,2,False,Close below 20 EMA (760.00)
SLBBL,Swarojgar Laghubitta Bittiya Sanstha Ltd.,Microfinance,2025-06-30,2025-07-14,765.75,855.19,11.68,10,False,RSI overbought (75.5 >= 70)
SLBBL,Swarojgar Laghubitta Bittiya Sanstha Ltd.,Microfinance,2026-05-08,2026-05-14,817.0,819.7,0.33,4,False,Close below 20 EMA (822.54)
SLBBL,Swarojgar Laghubitta Bittiya Sanstha Ltd.,Microfinance,2026-06-04,2026-06-09,832.0,823.0,-1.08,3,False,Close below 20 EMA (824.67)
SLBBL,Swarojgar Laghubitta Bittiya Sanstha Ltd.,Microfinance,2026-06-17,2026-06-18,819.7,815.0,-0.57,1,False,Close below 20 EMA (821.12)
SLBBL,Swarojgar Laghubitta Bittiya Sanstha Ltd.,Microfinance,2026-08-14,2026-08-15,810.0,802.0,-0.99,1,False,Close below 20 EMA (804.08); Close below 200 EMA (809.72)
SLBSL,Samudayik Laghubitta Bittiya Sanstha Limited,Microfinance,2025-03-05,2025-03-12,2241.0,2265.0,1.07,5,False,Close below 20 EMA (2324.46)
SLBSL,Samudayik Laghubitta Bittiya Sanstha Limited,Microfinance,2025-03-17,2025-03-20,2390.0,2152.0,-9.96,3,False,Close below 20 EMA (2329.29)
SMATA,Samata Gharelu Laghubitta Bittiya Sanstha Limited,Microfinance,2023-08-02,2023-08-03,583.86,574.73,-1.56,1,False,Close below 20 EMA (588.91)
SMATA,Samata Gharelu Laghubitta Bittiya Sanstha Limited,Microfinance,2024-08-26,2024-08-28,916.1,888.89,-2.97,1,False,Close below 20 EMA (934.00)
SMATA,Samata Gharelu Laghubitta Bittiya Sanstha Limited,Microfinance,2024-09-09,2024-09-10,905.22,870.75,-3.81,1,False,Close below 20 EMA (895.53)
SMATA,Samata Gharelu Laghubitta Bittiya Sanstha Limited,Microfinance,2024-11-28,2024-11-29,822.68,816.32,-0.77,1,False,Close below 20 EMA (823.73)
SMATA,Samata Gharelu Laghubitta Bittiya Sanstha Limited,Microfinance,2024-12-03,2024-12-05,816.32,807.26,-1.11,2,False,Close below 20 EMA (820.55)
SMATA,Samata Gharelu Laghubitta Bittiya Sanstha Limited,Microfinance,2025-04-18,2025-04-21,792.41,782.4,-1.26,1,False,Close below 20 EMA (790.40); Close below 200 EMA (791.78)
SMB,Support Laghubitta Bittiya Sanstha Limited,Microfinance,2024-02-21,2024-02-22,785.82,770.16,-1.99,1,False,Close below 20 EMA (788.20)
SMB,Support Laghubitta Bittiya Sanstha Limited,Microfinance,2024-08-12,2024-08-13,1463.28,1456.85,-0.44,1,False,Close below 20 EMA (1458.05)
SMB,Support Laghubitta Bittiya Sanstha Limited,Microfinance,2024-08-26,2024-08-28,1431.97,1420.73,-0.78,1,False,Close below 20 EMA (1432.36)
SMB,Support Laghubitta Bittiya Sanstha Limited,Microfinance,2024-10-30,2024-11-12,1444.81,1668.76,15.5,5,False,RSI overbought (74.5 >= 70)
SMB,Support Laghubitta Bittiya Sanstha Limited,Microfinance,2025-01-14,2025-01-16,2529.68,2434.7,-3.75,1,False,Close below 20 EMA (2614.29)
SMB,Support Laghubitta Bittiya Sanstha Limited,Microfinance,2025-01-24,2025-01-27,2579.91,2534.25,-1.77,1,False,Close below 20 EMA (2538.78)
SMB,Support Laghubitta Bittiya Sanstha Limited,Microfinance,2025-02-03,2025-02-04,2549.77,2494.06,-2.18,1,False,Close below 20 EMA (2529.13)
SMB,Support Laghubitta Bittiya Sanstha Limited,Microfinance,2025-08-28,2025-08-29,2100.48,2081.19,-0.92,1,False,Close below 20 EMA (2121.72)
SMFBS,Swabhimaan Laghubitta Bittiya Sanstha Ltd,Microfinance,2023-09-22,2023-09-25,1067.52,1017.14,-4.72,1,False,Close below 20 EMA (1028.04); Close below 200 EMA (1058.35)
SMFBS,Swabhimaan Laghubitta Bittiya Sanstha Ltd,Microfinance,2024-08-12,2024-08-13,1454.29,1467.05,0.88,1,False,Close below 20 EMA (1469.81)
SMFBS,Swabhimaan Laghubitta Bittiya Sanstha Ltd,Microfinance,2024-08-26,2024-08-28,1429.52,1409.52,-1.4,1,False,Close below 20 EMA (1429.82)
SMFBS,Swabhimaan Laghubitta Bittiya Sanstha Ltd,Microfinance,2024-09-03,2024-09-19,1440.0,1476.19,2.51,11,False,Close below 20 EMA (1478.45)
SMFBS,Swabhimaan Laghubitta Bittiya Sanstha Ltd,Microfinance,2025-01-16,2025-01-17,1855.24,1811.43,-2.36,1,False,Close below 20 EMA (1860.70)
SMFBS,Swabhimaan Laghubitta Bittiya Sanstha Ltd,Microfinance,2025-01-24,2025-01-28,1894.29,1857.33,-1.95,2,False,Close below 20 EMA (1862.29)
SMFBS,Swabhimaan Laghubitta Bittiya Sanstha Ltd,Microfinance,2025-03-31,2025-04-02,1828.68,1784.39,-2.42,1,False,Close below 20 EMA (1814.58)
SMFBS,Swabhimaan Laghubitta Bittiya Sanstha Ltd,Microfinance,2025-04-11,2025-04-16,1807.79,1794.56,-0.73,2,False,Close below 20 EMA (1796.94)
SMFBS,Swabhimaan Laghubitta Bittiya Sanstha Ltd,Microfinance,2025-04-25,2025-04-28,1813.26,1773.0,-2.22,1,False,Close below 20 EMA (1782.43)
SMFBS,Swabhimaan Laghubitta Bittiya Sanstha Ltd,Microfinance,2025-05-19,2025-06-05,1738.9,1721.41,-1.01,11,False,Close below 20 EMA (1746.15)
SMFBS,Swabhimaan Laghubitta Bittiya Sanstha Ltd,Microfinance,2025-08-06,2025-08-13,1798.3,1829.3,1.72,4,False,Close below 20 EMA (1831.63)
SMFBS,Swabhimaan Laghubitta Bittiya Sanstha Ltd,Microfinance,2025-09-24,2025-09-25,1720.0,1720.0,0.0,1,False,Close below 20 EMA (1729.23)
SMFBS,Swabhimaan Laghubitta Bittiya Sanstha Ltd,Microfinance,2026-04-03,2026-04-06,1703.0,1660.0,-2.52,1,False,Close below 20 EMA (1687.21); Close below 200 EMA (1692.78)
SMFBS,Swabhimaan Laghubitta Bittiya Sanstha Ltd,Microfinance,2026-04-07,2026-04-08,1698.9,1683.1,-0.93,1,False,Close below 20 EMA (1687.83); Close below 200 EMA (1692.74)
SMH,Super Mai Hydropower Limited,Hydro Power,2024-05-01,2024-05-06,517.13,510.9,-1.2,2,False,Close below 20 EMA (517.43)
SMH,Super Mai Hydropower Limited,Hydro Power,2024-05-09,2024-05-10,510.05,502.49,-1.48,1,False,Close below 20 EMA (514.30)
SMH,Super Mai Hydropower Limited,Hydro Power,2024-05-15,2024-05-27,511.68,526.56,2.91,7,False,Close below 20 EMA (526.61)
SMH,Super Mai Hydropower Limited,Hydro Power,2024-10-18,2024-10-22,824.77,800.63,-2.93,2,False,Close below 20 EMA (827.73)
SMH,Super Mai Hydropower Limited,Hydro Power,2024-10-24,2024-10-25,829.28,794.39,-4.21,1,False,Close below 20 EMA (824.45)
SMH,Super Mai Hydropower Limited,Hydro Power,2024-10-28,2024-10-30,812.62,817.76,0.63,2,False,Close below 20 EMA (822.92)
SMH,Super Mai Hydropower Limited,Hydro Power,2025-01-28,2025-01-29,879.25,875.08,-0.47,1,False,Close below 20 EMA (892.81)
SMH,Super Mai Hydropower Limited,Hydro Power,2025-02-25,2025-02-26,894.17,892.58,-0.18,1,False,Close below 20 EMA (893.87)
SMH,Super Mai Hydropower Limited,Hydro Power,2025-04-23,2025-04-24,793.33,767.38,-3.27,1,False,Close below 20 EMA (786.88); Close below 200 EMA (785.40)
SMHL,Super Madi Hydropower Limited,Hydro Power,2024-04-01,2024-04-02,411.79,403.63,-1.98,1,False,Close below 20 EMA (412.47)
SMHL,Super Madi Hydropower Limited,Hydro Power,2024-05-01,2024-05-03,398.91,396.29,-0.66,1,False,Close below 20 EMA (399.24)
SMHL,Super Madi Hydropower Limited,Hydro Power,2024-05-15,2024-05-16,401.09,393.65,-1.85,1,False,Close below 20 EMA (395.27)
SMHL,Super Madi Hydropower Limited,Hydro Power,2024-05-17,2024-05-21,395.47,447.16,13.07,2,False,RSI overbought (72.0 >= 70)
SMHL,Super Madi Hydropower Limited,Hydro Power,2025-04-04,2025-04-08,917.61,883.37,-3.73,1,False,Close below 20 EMA (907.64)
SMHL,Super Madi Hydropower Limited,Hydro Power,2025-05-29,2025-06-10,918.07,1047.8,14.13,5,False,RSI overbought (70.4 >= 70)
SMHL,Super Madi Hydropower Limited,Hydro Power,2025-06-27,2025-07-01,956.05,935.94,-2.1,2,False,Close below 20 EMA (940.64)
SMHL,Super Madi Hydropower Limited,Hydro Power,2025-07-11,2025-07-15,946.06,938.44,-0.81,2,False,Close below 20 EMA (939.48)
SMJC,Sagarmatha Jalabidhyut Company Limited,Hydro Power,2024-04-01,2024-04-17,360.86,358.0,-0.79,10,False,Close below 20 EMA (361.57)
SMJC,Sagarmatha Jalabidhyut Company Limited,Hydro Power,2024-05-15,2024-05-16,345.68,344.63,-0.3,1,False,Close below 20 EMA (344.64)
SMJC,Sagarmatha Jalabidhyut Company Limited,Hydro Power,2024-10-02,2024-10-03,520.29,505.01,-2.94,1,False,Close below 20 EMA (507.91)
SMJC,Sagarmatha Jalabidhyut Company Limited,Hydro Power,2025-01-06,2025-01-29,529.0,612.0,15.69,16,False,RSI overbought (70.1 >= 70)
SMJC,Sagarmatha Jalabidhyut Company Limited,Hydro Power,2025-04-18,2025-04-21,589.2,576.17,-2.21,1,False,Close below 20 EMA (588.04)
SMJC,Sagarmatha Jalabidhyut Company Limited,Hydro Power,2025-05-08,2025-05-09,543.92,537.37,-1.2,1,False,Close below 20 EMA (550.05)
SMJC,Sagarmatha Jalabidhyut Company Limited,Hydro Power,2025-09-25,2025-10-08,560.0,538.0,-3.93,3,False,Close below 20 EMA (555.79); Close below 200 EMA (546.13)
SNLI,Sun Nepal Life Insurance Company Limited,Life Insurance,2024-10-23,2024-10-24,459.7,459.02,-0.15,1,False,Close below 20 EMA (462.85)
SONA,Sonapur Minerals and Oil Limited,Manufacturing And Processing,2024-10-01,2024-10-09,491.0,476.3,-2.99,5,False,Close below 20 EMA (479.21)
SONA,Sonapur Minerals and Oil Limited,Manufacturing And Processing,2024-12-13,2024-12-17,467.0,460.4,-1.41,1,False,Close below 20 EMA (469.26); Close below 200 EMA (462.24)
SONA,Sonapur Minerals and Oil Limited,Manufacturing And Processing,2024-12-23,2024-12-27,465.1,459.0,-1.31,3,False,Close below 20 EMA (465.08); Close below 200 EMA (462.11)
SONA,Sonapur Minerals and Oil Limited,Manufacturing And Processing,2025-01-07,2025-01-10,470.0,460.0,-2.13,3,False,Close below 20 EMA (461.67); Close below 200 EMA (461.76)
SONA,Sonapur Minerals and Oil Limited,Manufacturing And Processing,2025-01-21,2025-02-11,464.9,472.0,1.53,13,False,Close below 20 EMA (472.38)
SONA,Sonapur Minerals and Oil Limited,Manufacturing And Processing,2025-03-31,2025-04-02,479.63,474.16,-1.14,1,False,Close below 20 EMA (476.75)
SONA,Sonapur Minerals and Oil Limited,Manufacturing And Processing,2025-05-08,2025-05-12,469.35,466.67,-0.57,2,False,Close below 20 EMA (466.92); Close below 200 EMA (468.75)
SONA,Sonapur Minerals and Oil Limited,Manufacturing And Processing,2026-06-06,2026-06-09,448.0,438.0,-2.23,1,False,Close below 20 EMA (447.99); Close below 200 EMA (445.57)
SPC,Samling Power Company Limited,Hydro Power,2023-03-17,2023-03-20,491.0,488.0,-0.61,1,False,Close below 20 EMA (505.05)
SPC,Samling Power Company Limited,Hydro Power,2023-03-29,2023-03-30,483.9,482.0,-0.39,1,False,Close below 20 EMA (491.95)
SPC,Samling Power Company Limited,Hydro Power,2023-04-13,2023-04-14,479.0,458.0,-4.38,1,False,Close below 20 EMA (467.32); Close below 200 EMA (477.76)
SPC,Samling Power Company Limited,Hydro Power,2023-04-18,2023-04-19,477.7,470.1,-1.59,1,False,Close below 200 EMA (477.46)
SPC,Samling Power Company Limited,Hydro Power,2024-03-07,2024-03-08,617.0,586.0,-5.02,1,False,Close below 20 EMA (610.84)
SPC,Samling Power Company Limited,Hydro Power,2024-05-15,2024-05-31,514.0,516.6,0.51,10,False,Close below 20 EMA (519.49)
SPC,Samling Power Company Limited,Hydro Power,2024-09-16,2024-09-17,575.0,549.4,-4.45,1,False,Close below 20 EMA (585.51)
SPC,Samling Power Company Limited,Hydro Power,2024-09-24,2024-09-25,565.0,550.0,-2.65,1,False,Close below 20 EMA (575.62)
SPC,Samling Power Company Limited,Hydro Power,2024-11-27,2024-12-06,554.0,537.1,-3.05,7,False,Close below 20 EMA (543.63); Close below 200 EMA (542.19)
SPC,Samling Power Company Limited,Hydro Power,2025-04-22,2025-04-24,558.55,552.22,-1.13,2,False,Close below 200 EMA (557.63)
SPDL,Synergy Power Development Ltd.,Hydro Power,2024-03-13,2024-03-15,239.82,233.73,-2.54,2,False,Close below 20 EMA (234.63)
SPDL,Synergy Power Development Ltd.,Hydro Power,2024-04-22,2024-04-23,215.27,210.0,-2.45,1,False,Close below 20 EMA (217.27)
SPDL,Synergy Power Development Ltd.,Hydro Power,2024-05-01,2024-05-03,211.73,209.09,-1.25,1,False,Close below 20 EMA (213.13)
SPDL,Synergy Power Development Ltd.,Hydro Power,2024-05-13,2024-05-14,211.55,208.82,-1.29,1,False,Close below 20 EMA (210.60)
SPDL,Synergy Power Development Ltd.,Hydro Power,2024-07-11,2024-07-17,219.09,248.18,13.28,4,False,RSI overbought (70.8 >= 70)
SPDL,Synergy Power Development Ltd.,Hydro Power,2024-10-02,2024-10-22,270.0,272.64,0.98,10,False,Close below 20 EMA (274.48)
SPDL,Synergy Power Development Ltd.,Hydro Power,2025-04-16,2025-05-01,305.15,349.23,14.45,11,False,RSI overbought (72.9 >= 70)
SPDL,Synergy Power Development Ltd.,Hydro Power,2025-09-05,2025-09-08,360.61,360.09,-0.14,1,False,Close below 20 EMA (363.90)
SPDL,Synergy Power Development Ltd.,Hydro Power,2025-09-09,2025-09-18,366.05,329.45,-10.0,1,False,Close below 20 EMA (360.81); Close below 200 EMA (333.90)
SPDL,Synergy Power Development Ltd.,Hydro Power,2025-09-22,2025-09-25,356.6,355.0,-0.45,2,False,Close below 20 EMA (359.94)
SPDL,Synergy Power Development Ltd.,Hydro Power,2025-09-29,2025-10-13,365.45,351.82,-3.73,4,False,Close below 20 EMA (363.63)
SPDL,Synergy Power Development Ltd.,Hydro Power,2025-10-14,2025-10-15,360.91,351.64,-2.57,1,False,Close below 20 EMA (362.26)
SPDL,Synergy Power Development Ltd.,Hydro Power,2026-06-04,2026-06-06,409.5,398.3,-2.74,2,False,Close below 20 EMA (404.46)
SPDL,Synergy Power Development Ltd.,Hydro Power,2026-06-23,2026-06-24,392.0,380.0,-3.06,1,False,Close below 20 EMA (394.62); Close below 200 EMA (388.53)
SPHL,Sayapatri Hydropower Limited,Hydro Power,2023-11-22,2023-11-23,480.0,440.9,-8.15,1,False,Close below 20 EMA (479.55)
SPHL,Sayapatri Hydropower Limited,Hydro Power,2023-12-14,2023-12-22,430.0,418.7,-2.63,6,False,Close below 20 EMA (427.85)
SPHL,Sayapatri Hydropower Limited,Hydro Power,2024-03-27,2024-03-28,470.9,465.0,-1.25,1,False,Close below 20 EMA (470.93)
SPHL,Sayapatri Hydropower Limited,Hydro Power,2024-04-01,2024-04-05,479.9,472.3,-1.58,4,False,Close below 20 EMA (474.30)
SPHL,Sayapatri Hydropower Limited,Hydro Power,2024-10-03,2024-10-10,664.0,660.0,-0.6,4,False,Close below 20 EMA (672.10)
SPHL,Sayapatri Hydropower Limited,Hydro Power,2024-10-24,2024-10-25,666.9,658.0,-1.33,1,False,Close below 20 EMA (667.04)
SPHL,Sayapatri Hydropower Limited,Hydro Power,2024-10-28,2024-10-31,677.0,665.0,-1.77,3,False,Close below 20 EMA (670.61)
SPHL,Sayapatri Hydropower Limited,Hydro Power,2025-04-22,2025-04-23,751.77,743.3,-1.13,1,False,Close below 20 EMA (767.02)
SPIL,Siddhartha Premier Insurance Limited,Non-Life Insurance,2023-08-24,2023-08-25,755.0,747.0,-1.06,1,False,Close below 20 EMA (757.10)
SPIL,Siddhartha Premier Insurance Limited,Non-Life Insurance,2023-11-21,2023-11-22,714.0,700.0,-1.96,1,False,Close below 20 EMA (708.75); Close below 200 EMA (701.81)
SPIL,Siddhartha Premier Insurance Limited,Non-Life Insurance,2024-02-13,2024-02-14,740.0,725.0,-2.03,1,False,Close below 20 EMA (727.06)
SPIL,Siddhartha Premier Insurance Limited,Non-Life Insurance,2024-02-26,2024-02-27,724.0,719.0,-0.69,1,False,Close below 20 EMA (726.92)
SPIL,Siddhartha Premier Insurance Limited,Non-Life Insurance,2024-03-01,2024-03-04,724.0,715.2,-1.22,1,False,Close below 20 EMA (724.98); Close below 200 EMA (718.32)
SPIL,Siddhartha Premier Insurance Limited,Non-Life Insurance,2024-04-05,2024-04-17,737.9,730.0,-1.07,6,False,Close below 20 EMA (744.19)
SPIL,Siddhartha Premier Insurance Limited,Non-Life Insurance,2024-05-01,2024-05-03,749.8,730.0,-2.64,1,False,Close below 20 EMA (737.58)
SPIL,Siddhartha Premier Insurance Limited,Non-Life Insurance,2024-05-06,2024-05-08,746.9,737.0,-1.33,2,False,Close below 20 EMA (738.97)
SPIL,Siddhartha Premier Insurance Limited,Non-Life Insurance,2024-10-30,2024-11-07,883.0,870.0,-1.47,3,False,Close below 20 EMA (871.27)
SPIL,Siddhartha Premier Insurance Limited,Non-Life Insurance,2025-02-18,2025-03-03,835.9,943.0,12.81,7,False,RSI overbought (72.6 >= 70)
SPL,Shuvam Power Company Limited,Hydro Power,2024-01-26,2024-02-02,692.0,681.4,-1.53,5,False,Close below 20 EMA (696.67)
SPL,Shuvam Power Company Limited,Hydro Power,2024-03-14,2024-03-15,662.3,664.0,0.26,1,False,Close below 20 EMA (664.20)
SPL,Shuvam Power Company Limited,Hydro Power,2024-03-27,2024-04-03,670.0,654.9,-2.25,5,False,Close below 20 EMA (663.14); Close below 200 EMA (657.47)
SPL,Shuvam Power Company Limited,Hydro Power,2024-04-11,2024-04-17,658.0,650.0,-1.22,3,False,Close below 20 EMA (658.45); Close below 200 EMA (657.21)
SPL,Shuvam Power Company Limited,Hydro Power,2024-10-02,2024-10-03,846.0,840.0,-0.71,1,False,Close below 20 EMA (842.56)
SPL,Shuvam Power Company Limited,Hydro Power,2025-03-31,2025-04-02,885.0,884.66,-0.04,1,False,Close below 20 EMA (898.70)
SPL,Shuvam Power Company Limited,Hydro Power,2025-12-03,2025-12-04,915.1,916.0,0.1,1,False,Close below 20 EMA (927.99)
SRLI,Sanima Reliance Life Insurance Limited,Life Insurance,2023-09-14,2023-09-18,435.88,418.99,-3.87,1,False,Close below 20 EMA (430.11)
SRLI,Sanima Reliance Life Insurance Limited,Life Insurance,2023-09-22,2023-09-25,435.88,424.9,-2.52,1,False,Close below 20 EMA (429.35)
SRLI,Sanima Reliance Life Insurance Limited,Life Insurance,2024-11-11,2024-11-20,460.0,448.0,-2.61,6,False,Close below 20 EMA (456.03)
SRLI,Sanima Reliance Life Insurance Limited,Life Insurance,2024-11-27,2024-11-29,449.0,451.0,0.45,2,False,Close below 20 EMA (452.59)
SRLI,Sanima Reliance Life Insurance Limited,Life Insurance,2024-12-05,2024-12-06,444.9,441.8,-0.7,1,False,Close below 20 EMA (449.61)
SRLI,Sanima Reliance Life Insurance Limited,Life Insurance,2026-04-18,2026-04-21,405.5,402.0,-0.86,1,False,Close below 200 EMA (402.95)
SSHL,Shiva Shree Hydropower Limited,Hydro Power,2023-02-23,2023-02-24,172.45,167.5,-2.87,1,False,Close below 20 EMA (171.41)
SSHL,Shiva Shree Hydropower Limited,Hydro Power,2023-03-10,2023-03-13,171.0,166.5,-2.63,1,False,Close below 20 EMA (167.49)
SSHL,Shiva Shree Hydropower Limited,Hydro Power,2023-03-28,2023-03-31,166.2,165.0,-0.72,3,False,Close below 20 EMA (165.82); Close below 200 EMA (165.76)
SSHL,Shiva Shree Hydropower Limited,Hydro Power,2023-04-13,2023-04-14,166.3,164.0,-1.38,1,False,Close below 200 EMA (165.38)
SSHL,Shiva Shree Hydropower Limited,Hydro Power,2024-10-02,2024-10-03,159.05,156.0,-1.92,1,False,Close below 20 EMA (158.45)
SSHL,Shiva Shree Hydropower Limited,Hydro Power,2024-10-29,2024-11-22,158.95,163.1,2.61,13,False,Close below 20 EMA (163.86)
SSHL,Shiva Shree Hydropower Limited,Hydro Power,2025-01-23,2025-01-24,166.5,164.0,-1.5,1,False,Close below 20 EMA (164.50)
SSHL,Shiva Shree Hydropower Limited,Hydro Power,2025-02-17,2025-02-21,168.05,166.0,-1.22,3,False,Close below 20 EMA (166.85)
SSHL,Shiva Shree Hydropower Limited,Hydro Power,2025-02-24,2025-02-26,164.25,166.45,1.34,2,False,Close below 20 EMA (166.67)
SSHL,Shiva Shree Hydropower Limited,Hydro Power,2025-04-11,2025-04-14,166.0,164.47,-0.92,1,False,Close below 20 EMA (166.12)
SSHL,Shiva Shree Hydropower Limited,Hydro Power,2025-05-01,2025-05-06,168.7,166.34,-1.4,2,False,Close below 20 EMA (167.29)
SSHL,Shiva Shree Hydropower Limited,Hydro Power,2025-06-17,2025-06-18,165.33,164.71,-0.38,1,False,Close below 20 EMA (165.61)
SSHL,Shiva Shree Hydropower Limited,Hydro Power,2025-09-24,2025-09-26,187.6,181.1,-3.46,2,False,Close below 20 EMA (183.17)
SSHL,Shiva Shree Hydropower Limited,Hydro Power,2025-10-10,2025-10-13,178.0,173.1,-2.75,1,False,Close below 20 EMA (180.45); Close below 200 EMA (173.68)
SSHL,Shiva Shree Hydropower Limited,Hydro Power,2025-11-03,2025-11-05,176.0,175.0,-0.57,2,False,Close below 20 EMA (175.24)
SSHL,Shiva Shree Hydropower Limited,Hydro Power,2026-05-21,2026-06-02,217.2,215.2,-0.92,6,False,Close below 20 EMA (217.54)
SSHL,Shiva Shree Hydropower Limited,Hydro Power,2026-06-10,2026-06-11,213.6,212.1,-0.7,1,False,Close below 20 EMA (215.93)
SSHL,Shiva Shree Hydropower Limited,Hydro Power,2026-06-13,2026-06-16,211.9,212.0,0.05,1,False,Close below 20 EMA (214.82)
SSHL,Shiva Shree Hydropower Limited,Hydro Power,2026-07-02,2026-07-03,204.4,201.1,-1.61,1,False,Close below 20 EMA (205.22)
SSHL,Shiva Shree Hydropower Limited,Hydro Power,2026-07-08,2026-07-09,201.0,197.5,-1.74,1,False,Close below 20 EMA (203.10)
STC,Salt Trading Corporation,Tradings,2023-04-26,2023-04-27,3062.93,3054.83,-0.26,1,False,Close below 20 EMA (3072.59)
STC,Salt Trading Corporation,Tradings,2023-04-28,2023-05-01,3053.32,2994.64,-1.92,1,False,Close below 20 EMA (3063.51)
STC,Salt Trading Corporation,Tradings,2023-11-23,2023-12-04,3919.0,3984.12,1.66,7,False,Close below 20 EMA (3995.58)
STC,Salt Trading Corporation,Tradings,2024-02-08,2024-02-12,4162.4,4138.97,-0.56,2,False,Close below 20 EMA (4191.91)
STC,Salt Trading Corporation,Tradings,2024-04-10,2024-04-17,4019.36,4073.06,1.34,4,False,Close below 20 EMA (4081.12)
STC,Salt Trading Corporation,Tradings,2024-05-03,2024-05-06,4009.13,3981.74,-0.68,1,False,Close below 20 EMA (4028.31)
STC,Salt Trading Corporation,Tradings,2024-05-16,2024-05-17,4000.0,3968.04,-0.8,1,False,Close below 20 EMA (3980.45)
STC,Salt Trading Corporation,Tradings,2024-10-07,2024-10-09,5302.28,5315.98,0.26,2,False,Close below 20 EMA (5345.87)
STC,Salt Trading Corporation,Tradings,2024-11-28,2024-12-09,5352.51,5355.25,0.05,7,False,Close below 20 EMA (5388.84)
STC,Salt Trading Corporation,Tradings,2024-12-25,2024-12-27,5236.53,5205.48,-0.59,1,False,Close below 20 EMA (5275.85)
STC,Salt Trading Corporation,Tradings,2025-09-02,2025-09-05,4840.17,4796.65,-0.9,3,False,Close below 20 EMA (4814.65); Close below 200 EMA (4815.73)
STC,Salt Trading Corporation,Tradings,2025-09-22,2025-10-10,4841.15,4789.04,-1.08,7,False,Close below 20 EMA (4811.70); Close below 200 EMA (4813.96)
STC,Salt Trading Corporation,Tradings,2026-02-13,2026-02-26,5068.49,5314.16,4.85,6,False,RSI overbought (72.2 >= 70)
STC,Salt Trading Corporation,Tradings,2026-04-25,2026-05-01,5269.41,5296.8,0.52,4,False,Close below 20 EMA (5316.07)
STC,Salt Trading Corporation,Tradings,2026-07-02,2026-07-03,5235.0,5179.9,-1.05,1,False,Close below 20 EMA (5290.72)
STC,Salt Trading Corporation,Tradings,2026-07-10,2026-07-11,5190.0,5145.0,-0.87,1,False,Close below 20 EMA (5234.80); Close below 200 EMA (5163.40)
STC,Salt Trading Corporation,Tradings,2026-07-16,2026-07-17,5170.0,5169.0,-0.02,1,False,Close below 20 EMA (5203.31)
STC,Salt Trading Corporation,Tradings,2026-08-12,2026-08-18,5200.0,5170.0,-0.58,4,False,Close below 20 EMA (5191.38)
SWBBL,Swabalamban Laghubitta Bittiya Sanstha Limited,Microfinance,2024-02-12,2024-02-14,625.65,614.8,-1.73,2,False,Close below 20 EMA (624.02)
SWBBL,Swabalamban Laghubitta Bittiya Sanstha Limited,Microfinance,2024-09-12,2024-09-16,889.88,874.97,-1.68,2,False,Close below 20 EMA (884.31)
SWBBL,Swabalamban Laghubitta Bittiya Sanstha Limited,Microfinance,2024-11-11,2024-11-20,855.67,864.28,1.01,6,False,Close below 20 EMA (871.04)
SWBBL,Swabalamban Laghubitta Bittiya Sanstha Limited,Microfinance,2024-12-02,2024-12-03,855.76,856.71,0.11,1,False,Close below 20 EMA (861.88)
SWBBL,Swabalamban Laghubitta Bittiya Sanstha Limited,Microfinance,2024-12-05,2024-12-06,861.44,851.88,-1.11,1,False,Close below 20 EMA (860.11)
SWBBL,Swabalamban Laghubitta Bittiya Sanstha Limited,Microfinance,2025-01-29,2025-02-06,818.85,828.88,1.22,4,False,Close below 20 EMA (832.99)
SWBBL,Swabalamban Laghubitta Bittiya Sanstha Limited,Microfinance,2025-02-07,2025-02-25,837.78,841.57,0.45,11,False,Close below 20 EMA (847.61)
SWMF,Suryodaya Womi Laghubitta Bittiya Sanstha Limited,Microfinance,2025-01-08,2025-02-03,736.0,797.0,8.29,15,False,RSI overbought (73.2 >= 70)
TAMOR,Sanima Middle Tamor Hydropower Limited,Hydro Power,2024-04-11,2024-04-17,384.3,385.0,0.18,3,False,Close below 20 EMA (386.77)
TAMOR,Sanima Middle Tamor Hydropower Limited,Hydro Power,2024-05-01,2024-05-03,375.0,370.0,-1.33,1,False,Close below 20 EMA (379.53)
TAMOR,Sanima Middle Tamor Hydropower Limited,Hydro Power,2025-01-06,2025-01-20,513.0,594.1,15.81,9,False,RSI overbought (72.3 >= 70)
TAMOR,Sanima Middle Tamor Hydropower Limited,Hydro Power,2025-04-14,2025-04-23,524.75,525.92,0.22,6,False,Close below 20 EMA (529.07)
TAMOR,Sanima Middle Tamor Hydropower Limited,Hydro Power,2025-04-28,2025-04-29,519.99,510.3,-1.86,1,False,Close below 20 EMA (524.94)
TAMOR,Sanima Middle Tamor Hydropower Limited,Hydro Power,2025-05-07,2025-05-12,514.57,514.12,-0.09,3,False,Close below 20 EMA (520.74)
TAMOR,Sanima Middle Tamor Hydropower Limited,Hydro Power,2025-05-21,2025-05-22,520.34,514.94,-1.04,1,False,Close below 20 EMA (515.07)
TAMOR,Sanima Middle Tamor Hydropower Limited,Hydro Power,2025-05-26,2025-05-27,505.63,507.26,0.32,1,False,Close below 20 EMA (512.71)
TAMOR,Sanima Middle Tamor Hydropower Limited,Hydro Power,2025-06-11,2025-06-16,507.2,559.88,10.39,3,False,RSI overbought (70.9 >= 70)
TAMOR,Sanima Middle Tamor Hydropower Limited,Hydro Power,2025-07-16,2025-07-25,520.14,565.0,8.62,7,False,RSI overbought (72.7 >= 70)
TPC,Terhathum Power Company Limited,Hydro Power,2023-04-13,2023-04-14,264.5,258.0,-2.46,1,False,Close below 20 EMA (259.09); Close below 200 EMA (262.91)
TPC,Terhathum Power Company Limited,Hydro Power,2024-03-28,2024-03-29,309.0,311.35,0.76,1,False,Close below 20 EMA (313.66)
TPC,Terhathum Power Company Limited,Hydro Power,2024-04-08,2024-04-15,314.5,301.0,-4.29,3,False,Close below 20 EMA (310.33)
TPC,Terhathum Power Company Limited,Hydro Power,2024-05-01,2024-05-03,294.5,292.5,-0.68,1,False,Close below 20 EMA (298.19)
TPC,Terhathum Power Company Limited,Hydro Power,2024-05-15,2024-05-16,290.45,290.0,-0.15,1,False,Close below 20 EMA (290.22)
TPC,Terhathum Power Company Limited,Hydro Power,2024-05-21,2024-06-06,290.0,296.5,2.24,10,False,Close below 20 EMA (296.54)
TPC,Terhathum Power Company Limited,Hydro Power,2024-08-12,2024-08-14,332.5,321.5,-3.31,2,False,Close below 20 EMA (328.66)
TPC,Terhathum Power Company Limited,Hydro Power,2025-03-31,2025-04-02,322.44,317.75,-1.45,1,False,Close below 20 EMA (323.85)
TPC,Terhathum Power Company Limited,Hydro Power,2025-04-18,2025-05-06,319.38,327.3,2.48,11,False,Close below 20 EMA (328.26)
TPC,Terhathum Power Company Limited,Hydro Power,2026-05-21,2026-06-02,381.0,372.0,-2.36,6,False,Close below 20 EMA (374.87)
TRH,Taragaon Regency Hotel Limited,Hotels And Tourism,2023-04-13,2023-05-09,451.92,480.77,6.38,17,False,Close below 20 EMA (484.91)
TRH,Taragaon Regency Hotel Limited,Hotels And Tourism,2023-08-11,2023-08-16,760.58,738.46,-2.91,3,False,Close below 20 EMA (746.86)
TRH,Taragaon Regency Hotel Limited,Hotels And Tourism,2023-11-06,2023-11-22,684.52,673.08,-1.67,6,False,Close below 20 EMA (677.44)
TRH,Taragaon Regency Hotel Limited,Hotels And Tourism,2023-11-24,2023-11-29,692.4,796.15,14.98,3,False,RSI overbought (71.0 >= 70)
TRH,Taragaon Regency Hotel Limited,Hotels And Tourism,2024-05-10,2024-05-14,747.0,730.0,-2.28,2,False,Close below 20 EMA (732.06)
TRH,Taragaon Regency Hotel Limited,Hotels And Tourism,2024-06-10,2024-06-25,759.0,755.0,-0.53,10,False,Close below 20 EMA (757.66)
TRH,Taragaon Regency Hotel Limited,Hotels And Tourism,2024-10-08,2024-10-10,1168.0,1136.0,-2.74,2,False,Close below 20 EMA (1146.22)
TRH,Taragaon Regency Hotel Limited,Hotels And Tourism,2025-03-18,2025-03-19,1108.9,1104.0,-0.44,1,False,Close below 20 EMA (1114.53)
TRH,Taragaon Regency Hotel Limited,Hotels And Tourism,2025-04-18,2025-04-21,1052.11,1026.95,-2.39,1,False,Close below 20 EMA (1058.43); Close below 200 EMA (1050.16)
TSHL,Three Star Hydropower Limited,Hydro Power,2024-10-03,2024-10-17,883.3,897.0,1.55,6,False,Close below 20 EMA (898.34)
TSHL,Three Star Hydropower Limited,Hydro Power,2024-10-23,2024-10-25,920.0,880.0,-4.35,2,False,Close below 20 EMA (896.94)
TSHL,Three Star Hydropower Limited,Hydro Power,2024-10-30,2024-10-31,897.0,890.0,-0.78,1,False,Close below 20 EMA (894.91)
TSHL,Three Star Hydropower Limited,Hydro Power,2024-11-11,2024-11-14,910.0,890.0,-2.2,3,False,Close below 20 EMA (894.10)
TSHL,Three Star Hydropower Limited,Hydro Power,2024-11-21,2024-11-26,885.0,1147.0,29.6,3,False,RSI overbought (72.1 >= 70)
TSHL,Three Star Hydropower Limited,Hydro Power,2025-01-08,2025-01-10,892.0,863.7,-3.17,2,False,Close below 20 EMA (868.64)
TSHL,Three Star Hydropower Limited,Hydro Power,2025-01-17,2025-01-22,860.9,863.0,0.24,3,False,Close below 20 EMA (863.08)
TSHL,Three Star Hydropower Limited,Hydro Power,2025-01-27,2025-02-03,870.0,1033.0,18.74,3,False,RSI overbought (73.9 >= 70)
TSHL,Three Star Hydropower Limited,Hydro Power,2025-04-18,2025-04-21,800.18,793.23,-0.87,1,False,Close below 20 EMA (809.62); Close below 200 EMA (798.26)
TSHL,Three Star Hydropower Limited,Hydro Power,2025-09-24,2025-09-26,834.1,783.5,-6.07,2,False,Close below 20 EMA (806.29)
TSHL,Three Star Hydropower Limited,Hydro Power,2026-03-20,2026-03-23,763.0,749.5,-1.77,1,False,Close below 20 EMA (775.45); Close below 200 EMA (761.02)
TVCL,Trishuli Jal Vidhyut Company Limited,Hydro Power,2024-10-18,2024-10-22,483.9,460.7,-4.79,2,False,Close below 20 EMA (471.70); Close below 200 EMA (465.20)
TVCL,Trishuli Jal Vidhyut Company Limited,Hydro Power,2024-10-29,2024-10-31,468.0,465.9,-0.45,2,False,Close below 20 EMA (468.00)
TVCL,Trishuli Jal Vidhyut Company Limited,Hydro Power,2025-03-31,2025-04-02,537.97,527.69,-1.91,1,False,Close below 20 EMA (538.66)
TVCL,Trishuli Jal Vidhyut Company Limited,Hydro Power,2025-04-24,2025-04-25,531.91,523.82,-1.52,1,False,Close below 20 EMA (532.61); Close below 200 EMA (524.51)
TVCL,Trishuli Jal Vidhyut Company Limited,Hydro Power,2025-04-28,2025-04-29,549.29,522.98,-4.79,1,False,Close below 20 EMA (533.13); Close below 200 EMA (524.74)
TVCL,Trishuli Jal Vidhyut Company Limited,Hydro Power,2025-05-01,2025-05-05,540.07,518.31,-4.03,1,False,Close below 20 EMA (532.01); Close below 200 EMA (524.87)
TVCL,Trishuli Jal Vidhyut Company Limited,Hydro Power,2026-05-26,2026-06-02,529.0,525.0,-0.76,3,False,Close below 20 EMA (531.63)
UAIL,United Ajod Insurance Limited,Non-Life Insurance,2023-03-09,2023-03-12,319.21,320.29,0.34,1,False,Close below 20 EMA (320.59)
UAIL,United Ajod Insurance Limited,Non-Life Insurance,2023-03-15,2023-03-16,323.52,315.61,-2.44,1,False,Close below 20 EMA (318.96)
UAIL,United Ajod Insurance Limited,Non-Life Insurance,2023-03-29,2023-04-05,324.95,320.72,-1.3,5,False,Close below 20 EMA (321.00)
UAIL,United Ajod Insurance Limited,Non-Life Insurance,2023-04-11,2023-05-02,317.77,327.12,2.94,14,False,Close below 20 EMA (327.51)
UAIL,United Ajod Insurance Limited,Non-Life Insurance,2023-05-16,2023-05-23,324.24,359.45,10.86,5,False,RSI overbought (72.7 >= 70)
UAIL,United Ajod Insurance Limited,Non-Life Insurance,2023-11-21,2023-11-22,375.27,362.33,-3.45,1,False,Close below 20 EMA (373.64); Close below 200 EMA (363.76)
UAIL,United Ajod Insurance Limited,Non-Life Insurance,2023-11-23,2023-12-11,381.02,447.15,17.36,12,False,RSI overbought (72.3 >= 70)
UAIL,United Ajod Insurance Limited,Non-Life Insurance,2024-02-05,2024-02-06,453.53,447.76,-1.27,1,False,Close below 20 EMA (459.44)
UAIL,United Ajod Insurance Limited,Non-Life Insurance,2024-03-11,2024-03-22,444.59,440.62,-0.89,8,False,Close below 20 EMA (442.43)
UAIL,United Ajod Insurance Limited,Non-Life Insurance,2024-04-15,2024-04-17,428.89,427.07,-0.42,2,False,Close below 20 EMA (433.59)
UAIL,United Ajod Insurance Limited,Non-Life Insurance,2024-04-29,2024-05-08,435.48,432.7,-0.64,6,False,Close below 20 EMA (433.26)
UAIL,United Ajod Insurance Limited,Non-Life Insurance,2024-06-05,2024-06-06,466.77,457.26,-2.04,1,False,Close below 20 EMA (460.40)
UAIL,United Ajod Insurance Limited,Non-Life Insurance,2024-10-02,2024-10-03,535.63,525.42,-1.91,1,False,Close below 20 EMA (529.59)
UAIL,United Ajod Insurance Limited,Non-Life Insurance,2025-01-02,2025-01-13,512.74,519.87,1.39,7,False,Close below 20 EMA (522.77)
UAIL,United Ajod Insurance Limited,Non-Life Insurance,2025-04-22,2025-04-23,526.14,518.72,-1.41,1,False,Close below 20 EMA (520.12); Close below 200 EMA (519.30)
UHEWA,Upper Hewakhola Hydropower Company Limited,Hydro Power,2024-03-07,2024-03-08,304.17,306.09,0.63,1,False,Close below 20 EMA (308.42)
UHEWA,Upper Hewakhola Hydropower Company Limited,Hydro Power,2024-03-28,2024-04-04,308.7,310.43,0.56,5,False,Close below 20 EMA (310.77)
UHEWA,Upper Hewakhola Hydropower Company Limited,Hydro Power,2024-09-02,2024-09-04,454.78,461.74,1.53,2,False,Close below 20 EMA (468.72)
UHEWA,Upper Hewakhola Hydropower Company Limited,Hydro Power,2024-09-17,2024-09-19,455.57,445.22,-2.27,1,False,Close below 20 EMA (461.80)
UHEWA,Upper Hewakhola Hydropower Company Limited,Hydro Power,2024-10-03,2024-10-21,434.61,426.09,-1.96,8,False,Close below 20 EMA (435.98)
UHEWA,Upper Hewakhola Hydropower Company Limited,Hydro Power,2024-10-30,2024-11-15,436.52,509.83,16.79,8,False,RSI overbought (70.1 >= 70)
UHEWA,Upper Hewakhola Hydropower Company Limited,Hydro Power,2025-03-17,2025-03-20,749.22,763.48,1.9,3,False,Close below 20 EMA (764.67)
UHEWA,Upper Hewakhola Hydropower Company Limited,Hydro Power,2026-02-13,2026-02-18,560.0,555.2,-0.86,2,False,Close below 20 EMA (557.65)
UHEWA,Upper Hewakhola Hydropower Company Limited,Hydro Power,2026-07-16,2026-07-17,573.0,553.0,-3.49,1,False,Close below 20 EMA (580.57); Close below 200 EMA (569.49)
UHEWA,Upper Hewakhola Hydropower Company Limited,Hydro Power,2026-07-18,2026-07-28,572.0,582.1,1.77,6,False,Close below 20 EMA (586.12)
UHEWA,Upper Hewakhola Hydropower Company Limited,Hydro Power,2026-08-08,,582.0,607.9,4.45,7,True,
ULBSL,Upakar Laghubitta Bittiya Sanstha Limited,Microfinance,2024-10-02,2024-10-18,3158.0,3197.5,1.25,8,False,Close below 20 EMA (3199.54)
ULBSL,Upakar Laghubitta Bittiya Sanstha Limited,Microfinance,2024-11-12,2024-11-15,3197.0,3100.0,-3.03,3,False,Close below 20 EMA (3148.17)
ULBSL,Upakar Laghubitta Bittiya Sanstha Limited,Microfinance,2024-11-20,2024-11-21,3081.0,3100.0,0.62,1,False,Close below 20 EMA (3126.24)
ULBSL,Upakar Laghubitta Bittiya Sanstha Limited,Microfinance,2024-11-25,2024-12-02,3070.0,3108.1,1.24,5,False,Close below 20 EMA (3142.57)
ULBSL,Upakar Laghubitta Bittiya Sanstha Limited,Microfinance,2025-03-07,2025-03-10,4630.0,4167.0,-10.0,1,False,Close below 20 EMA (4767.71)
ULBSL,Upakar Laghubitta Bittiya Sanstha Limited,Microfinance,2025-12-17,2025-12-18,3598.0,3549.0,-1.36,1,False,Close below 20 EMA (3678.73); Close below 200 EMA (3554.20)
ULHC,Upper Lohore Khola Hydropower Company Limited,Hydro Power,2024-09-17,2024-09-24,417.6,388.1,-7.06,3,False,Close below 20 EMA (407.00)
ULHC,Upper Lohore Khola Hydropower Company Limited,Hydro Power,2025-03-31,2025-04-02,530.83,524.44,-1.2,1,False,Close below 20 EMA (533.44)
ULHC,Upper Lohore Khola Hydropower Company Limited,Hydro Power,2025-04-16,2025-04-21,525.01,523.44,-0.3,3,False,Close below 20 EMA (524.09)
ULHC,Upper Lohore Khola Hydropower Company Limited,Hydro Power,2025-05-08,2025-05-09,501.07,498.16,-0.58,1,False,Close below 20 EMA (503.45)
ULHC,Upper Lohore Khola Hydropower Company Limited,Hydro Power,2025-05-21,2025-05-22,490.38,488.28,-0.43,1,False,Close below 20 EMA (493.11)
ULHC,Upper Lohore Khola Hydropower Company Limited,Hydro Power,2025-06-10,2025-06-16,480.84,472.82,-1.67,4,False,Close below 20 EMA (480.96); Close below 200 EMA (478.08)
UMHL,United Modi Hydropower Ltd.,Hydro Power,2023-02-27,2023-02-28,231.46,229.71,-0.76,1,False,Close below 20 EMA (234.61); Close below 200 EMA (231.00)
UMHL,United Modi Hydropower Ltd.,Hydro Power,2023-03-01,2023-03-02,239.76,234.95,-2.01,1,False,Close below 20 EMA (235.09)
UMHL,United Modi Hydropower Ltd.,Hydro Power,2024-04-15,2024-04-17,231.03,228.88,-0.93,2,False,Close below 20 EMA (230.64)
UMHL,United Modi Hydropower Ltd.,Hydro Power,2024-05-01,2024-05-03,226.17,225.98,-0.08,1,False,Close below 20 EMA (227.21)
UMHL,United Modi Hydropower Ltd.,Hydro Power,2024-06-11,2024-06-21,223.36,224.3,0.42,7,False,Close below 20 EMA (225.61)
UMHL,United Modi Hydropower Ltd.,Hydro Power,2024-07-03,2024-07-04,226.17,222.71,-1.53,1,False,Close below 20 EMA (223.57)
UMHL,United Modi Hydropower Ltd.,Hydro Power,2025-01-06,2025-02-06,314.02,352.34,12.2,20,False,RSI overbought (71.7 >= 70)
UMHL,United Modi Hydropower Ltd.,Hydro Power,2025-08-06,2025-08-13,521.52,554.02,6.23,4,False,RSI overbought (70.9 >= 70)
UMHL,United Modi Hydropower Ltd.,Hydro Power,2025-10-30,2025-11-05,498.13,497.2,-0.19,4,False,Close below 20 EMA (499.13)
UMHL,United Modi Hydropower Ltd.,Hydro Power,2026-07-17,2026-07-29,572.0,585.0,2.27,8,False,Close below 20 EMA (587.06)
UMHL,United Modi Hydropower Ltd.,Hydro Power,2026-07-30,2026-08-04,580.9,577.6,-0.57,3,False,Close below 20 EMA (585.18)
UMHL,United Modi Hydropower Ltd.,Hydro Power,2026-08-07,2026-08-08,582.1,583.0,0.15,1,False,Close below 20 EMA (583.46)
UMHL,United Modi Hydropower Ltd.,Hydro Power,2026-08-14,,581.0,602.5,3.7,3,True,
UMRH,United IDI Mardi RB Hydropower Limited.,Hydro Power,2024-10-02,2024-10-03,413.92,407.5,-1.55,1,False,Close below 20 EMA (413.85)
UMRH,United IDI Mardi RB Hydropower Limited.,Hydro Power,2025-04-18,2025-04-21,601.65,585.55,-2.68,1,False,Close below 20 EMA (587.34)
UMRH,United IDI Mardi RB Hydropower Limited.,Hydro Power,2025-05-08,2025-05-09,557.66,553.84,-0.69,1,False,Close below 20 EMA (563.45)
UMRH,United IDI Mardi RB Hydropower Limited.,Hydro Power,2025-05-29,2025-06-04,532.7,527.76,-0.93,2,False,Close below 20 EMA (538.28); Close below 200 EMA (531.71)
UMRH,United IDI Mardi RB Hydropower Limited.,Hydro Power,2025-06-10,2025-06-23,548.14,545.76,-0.43,9,False,Close below 20 EMA (552.47)
UMRH,United IDI Mardi RB Hydropower Limited.,Hydro Power,2026-03-02,2026-03-09,551.0,610.0,10.71,2,False,RSI overbought (70.9 >= 70)
UNHPL,Union Hydropower Limited,Hydro Power,2024-03-27,2024-03-28,245.0,239.8,-2.12,1,False,Close below 20 EMA (245.09)
UNHPL,Union Hydropower Limited,Hydro Power,2024-05-01,2024-05-03,229.0,225.0,-1.75,1,False,Close below 20 EMA (229.90)
UNHPL,Union Hydropower Limited,Hydro Power,2024-05-15,2024-05-16,228.7,220.1,-3.76,1,False,Close below 20 EMA (223.98)
UNHPL,Union Hydropower Limited,Hydro Power,2024-06-11,2024-06-25,231.0,231.0,0.0,9,False,Close below 20 EMA (232.01)
UNHPL,Union Hydropower Limited,Hydro Power,2025-01-07,2025-01-23,289.8,325.3,12.25,11,False,RSI overbought (71.0 >= 70)
UNHPL,Union Hydropower Limited,Hydro Power,2025-03-31,2025-04-02,317.4,314.06,-1.05,1,False,Close below 20 EMA (319.96)
UNHPL,Union Hydropower Limited,Hydro Power,2025-04-11,2025-04-24,315.67,324.74,2.87,8,False,Close below 20 EMA (325.15)
UNHPL,Union Hydropower Limited,Hydro Power,2025-08-19,2025-08-20,408.35,397.26,-2.72,1,False,Close below 20 EMA (398.95)
UNHPL,Union Hydropower Limited,Hydro Power,2025-08-28,2025-08-29,403.69,392.36,-2.81,1,False,Close below 20 EMA (395.13)
UNHPL,Union Hydropower Limited,Hydro Power,2025-09-03,2025-09-09,402.4,463.92,15.29,4,False,RSI overbought (70.3 >= 70)
UNHPL,Union Hydropower Limited,Hydro Power,2025-12-29,2025-12-30,490.0,483.9,-1.24,1,False,Close below 20 EMA (491.20)
UNHPL,Union Hydropower Limited,Hydro Power,2026-01-15,2026-01-19,475.0,471.5,-0.74,1,False,Close below 20 EMA (475.81)
UNHPL,Union Hydropower Limited,Hydro Power,2026-01-27,2026-01-28,469.2,464.0,-1.11,1,False,Close below 20 EMA (471.04)
UNHPL,Union Hydropower Limited,Hydro Power,2026-04-06,2026-04-16,513.0,516.2,0.62,7,False,Close below 20 EMA (520.34)
UNL,Unilever Nepal Limited,Manufacturing And Processing,2023-12-08,2023-12-13,38350.1,38101.0,-0.65,3,False,Close below 20 EMA (39080.09)
UNL,Unilever Nepal Limited,Manufacturing And Processing,2023-12-19,2023-12-20,39000.0,38500.0,-1.28,1,False,Close below 20 EMA (38812.15)
UNL,Unilever Nepal Limited,Manufacturing And Processing,2024-01-31,2024-02-12,39993.0,38350.0,-4.11,7,False,Close below 20 EMA (40168.98)
UNL,Unilever Nepal Limited,Manufacturing And Processing,2024-03-13,2024-03-20,40000.0,39500.0,-1.25,5,False,Close below 20 EMA (39693.95)
UNL,Unilever Nepal Limited,Manufacturing And Processing,2024-03-26,2024-03-27,39445.0,39550.2,0.27,1,False,Close below 20 EMA (39555.76)
UNL,Unilever Nepal Limited,Manufacturing And Processing,2024-05-13,2024-05-17,39500.0,39000.0,-1.27,2,False,Close below 20 EMA (39371.47)
UNL,Unilever Nepal Limited,Manufacturing And Processing,2025-02-26,2025-02-28,46002.1,46500.0,1.08,1,False,Close below 20 EMA (46536.19)
UNL,Unilever Nepal Limited,Manufacturing And Processing,2025-06-12,2025-06-19,46998.0,46121.0,-1.87,4,False,Close below 20 EMA (46582.23)
UNL,Unilever Nepal Limited,Manufacturing And Processing,2025-09-22,2025-10-15,47800.0,48021.0,0.46,10,False,Close below 20 EMA (48201.23)
UNL,Unilever Nepal Limited,Manufacturing And Processing,2025-12-02,2025-12-04,47400.0,46256.0,-2.41,2,False,Close below 20 EMA (47098.46); Close below 200 EMA (46777.58)
UNL,Unilever Nepal Limited,Manufacturing And Processing,2026-01-22,2026-01-27,47090.0,46900.2,-0.4,3,False,Close below 20 EMA (46991.71)
UNL,Unilever Nepal Limited,Manufacturing And Processing,2026-04-29,2026-05-05,47050.0,46000.0,-2.23,3,False,Close below 20 EMA (46804.73); Close below 200 EMA (46825.06)
UNL,Unilever Nepal Limited,Manufacturing And Processing,2026-06-03,2026-06-04,47000.0,46700.0,-0.64,1,False,Close below 20 EMA (46773.85); Close below 200 EMA (46802.80)
UNLB,Unique Nepal Laghubitta Bittiya Sanstha Limited,Microfinance,2024-09-27,2024-09-30,2640.0,2488.0,-5.76,1,False,Close below 20 EMA (2567.27)
UNLB,Unique Nepal Laghubitta Bittiya Sanstha Limited,Microfinance,2024-12-30,2025-01-01,2530.0,2490.0,-1.58,1,False,Close below 20 EMA (2546.30)
UNLB,Unique Nepal Laghubitta Bittiya Sanstha Limited,Microfinance,2025-01-09,2025-01-10,2519.0,2490.0,-1.15,1,False,Close below 20 EMA (2519.75)
UPCL,UNIVERSAL POWER COMPANY LTD,Hydro Power,2024-03-13,2024-03-15,203.67,197.34,-3.11,2,False,Close below 20 EMA (199.73)
UPCL,UNIVERSAL POWER COMPANY LTD,Hydro Power,2024-10-02,2024-10-03,242.2,235.78,-2.65,1,False,Close below 20 EMA (239.17)
UPCL,UNIVERSAL POWER COMPANY LTD,Hydro Power,2024-11-26,2024-12-09,253.21,262.39,3.63,9,False,Close below 20 EMA (265.11)
UPCL,UNIVERSAL POWER COMPANY LTD,Hydro Power,2025-01-16,2025-01-17,252.29,249.54,-1.09,1,False,Close below 20 EMA (254.31)
UPCL,UNIVERSAL POWER COMPANY LTD,Hydro Power,2025-01-21,2025-02-21,260.09,271.56,4.41,20,False,Close below 20 EMA (272.47)
UPCL,UNIVERSAL POWER COMPANY LTD,Hydro Power,2025-04-04,2025-04-22,271.28,318.73,17.49,10,False,RSI overbought (75.5 >= 70)
UPCL,UNIVERSAL POWER COMPANY LTD,Hydro Power,2025-09-08,2025-09-18,367.55,350.46,-4.65,2,False,Close below 20 EMA (361.89)
UPCL,UNIVERSAL POWER COMPANY LTD,Hydro Power,2025-09-22,2025-10-09,370.88,362.0,-2.39,6,False,Close below 20 EMA (369.77)
UPCL,UNIVERSAL POWER COMPANY LTD,Hydro Power,2025-10-14,2025-10-15,365.0,360.0,-1.37,1,False,Close below 20 EMA (366.44)
UPCL,UNIVERSAL POWER COMPANY LTD,Hydro Power,2025-11-24,2025-12-01,372.0,368.0,-1.08,5,False,Close below 20 EMA (370.18)
UPCL,UNIVERSAL POWER COMPANY LTD,Hydro Power,2025-12-08,2025-12-15,367.0,366.5,-0.14,5,False,Close below 20 EMA (371.06)
UPCL,UNIVERSAL POWER COMPANY LTD,Hydro Power,2026-01-14,2026-01-15,363.2,360.1,-0.85,1,False,Close below 20 EMA (362.47)
UPCL,UNIVERSAL POWER COMPANY LTD,Hydro Power,2026-01-19,2026-01-28,367.0,389.9,6.24,6,False,RSI overbought (70.2 >= 70)
UPCL,UNIVERSAL POWER COMPANY LTD,Hydro Power,2026-05-19,2026-05-21,369.5,370.5,0.27,2,False,Close below 20 EMA (373.76)
UPCL,UNIVERSAL POWER COMPANY LTD,Hydro Power,2026-05-23,2026-06-04,373.0,371.0,-0.54,6,False,Close below 20 EMA (373.03)
UPCL,UNIVERSAL POWER COMPANY LTD,Hydro Power,2026-07-22,2026-07-24,365.9,362.0,-1.07,2,False,Close below 200 EMA (364.63)
UPPER,Upper Tamakoshi Hydropower Ltd,Hydro Power,2024-10-02,2024-10-03,214.9,212.0,-1.35,1,False,Close below 20 EMA (216.88)
UPPER,Upper Tamakoshi Hydropower Ltd,Hydro Power,2024-10-30,2024-11-07,221.0,215.9,-2.31,3,False,Close below 20 EMA (217.49)
UPPER,Upper Tamakoshi Hydropower Ltd,Hydro Power,2024-11-12,2024-11-14,224.0,217.8,-2.77,2,False,Close below 20 EMA (218.84)
UPPER,Upper Tamakoshi Hydropower Ltd,Hydro Power,2026-05-23,2026-06-02,207.5,204.5,-1.45,4,False,Close below 20 EMA (206.63)
USHEC,Upper Solu Hydro Electric Company Limited,Hydro Power,2024-10-08,2024-10-09,488.0,473.0,-3.07,1,False,Close below 20 EMA (475.95)
USHEC,Upper Solu Hydro Electric Company Limited,Hydro Power,2025-02-28,2025-03-03,696.0,684.0,-1.72,1,False,Close below 20 EMA (697.76)
USHL,Upper Syange Hydropower Limited,Hydro Power,2024-11-18,2024-11-20,790.0,780.0,-1.27,1,False,Close below 20 EMA (787.19)
USHL,Upper Syange Hydropower Limited,Hydro Power,2024-12-30,2025-01-01,785.0,756.0,-3.69,1,False,Close below 20 EMA (773.31)
USHL,Upper Syange Hydropower Limited,Hydro Power,2025-01-02,2025-01-14,788.0,814.0,3.3,8,False,Close below 20 EMA (815.59)
USHL,Upper Syange Hydropower Limited,Hydro Power,2025-02-19,2025-02-24,829.9,820.0,-1.19,2,False,Close below 20 EMA (823.76)
USHL,Upper Syange Hydropower Limited,Hydro Power,2025-08-15,2025-08-19,691.65,778.83,12.6,2,False,RSI overbought (70.8 >= 70)
USHL,Upper Syange Hydropower Limited,Hydro Power,2025-10-31,2025-11-04,709.0,715.0,0.85,2,False,Close below 20 EMA (715.66)
USLB,Unnati Sahakarya Laghubitta Bittiya Sanstha Limited,Microfinance,2024-06-26,2024-06-27,1846.0,1830.0,-0.87,1,False,Close below 20 EMA (1886.55)
USLB,Unnati Sahakarya Laghubitta Bittiya Sanstha Limited,Microfinance,2024-07-02,2024-07-03,1820.0,1828.0,0.44,1,False,Close below 20 EMA (1860.93)
USLB,Unnati Sahakarya Laghubitta Bittiya Sanstha Limited,Microfinance,2024-07-10,2024-07-11,1797.9,1780.0,-1.0,1,False,Close below 20 EMA (1814.65)
USLB,Unnati Sahakarya Laghubitta Bittiya Sanstha Limited,Microfinance,2024-08-02,2024-08-06,1778.9,1730.0,-2.75,1,False,Close below 20 EMA (1795.43)
USLB,Unnati Sahakarya Laghubitta Bittiya Sanstha Limited,Microfinance,2024-09-06,2024-09-11,1652.0,1576.0,-4.6,3,False,Close below 20 EMA (1620.36)
USLB,Unnati Sahakarya Laghubitta Bittiya Sanstha Limited,Microfinance,2024-12-25,2024-12-27,1546.0,1541.0,-0.32,1,False,Close below 20 EMA (1553.95)
USLB,Unnati Sahakarya Laghubitta Bittiya Sanstha Limited,Microfinance,2024-12-30,2025-01-02,1589.0,1526.1,-3.96,2,False,Close below 20 EMA (1554.55)
USLB,Unnati Sahakarya Laghubitta Bittiya Sanstha Limited,Microfinance,2025-01-03,2025-01-10,1560.0,1555.0,-0.32,5,False,Close below 20 EMA (1562.44)
USLB,Unnati Sahakarya Laghubitta Bittiya Sanstha Limited,Microfinance,2025-04-11,2025-05-01,1732.06,1779.61,2.75,13,False,Close below 20 EMA (1784.49)
USLB,Unnati Sahakarya Laghubitta Bittiya Sanstha Limited,Microfinance,2025-06-30,2025-07-03,1833.11,1837.68,0.25,3,False,Close below 20 EMA (1854.52)
USLB,Unnati Sahakarya Laghubitta Bittiya Sanstha Limited,Microfinance,2025-07-09,2025-07-10,1815.46,1808.23,-0.4,1,False,Close below 20 EMA (1837.75)
USLB,Unnati Sahakarya Laghubitta Bittiya Sanstha Limited,Microfinance,2025-07-15,2025-07-17,1866.56,1831.03,-1.9,2,False,Close below 20 EMA (1842.92)
VLBS,Vijaya laghubitta Bittiya Sanstha Ltd.,Microfinance,2024-08-01,2024-08-02,1080.0,1036.0,-4.07,1,False,Close below 20 EMA (1062.30)
VLBS,Vijaya laghubitta Bittiya Sanstha Ltd.,Microfinance,2025-01-09,2025-01-10,878.0,869.0,-1.03,1,False,Close below 20 EMA (869.97); Close below 200 EMA (869.85)
VLUCL,Vision Lumbini Urja Company Limited,Hydro Power,2025-05-08,2025-05-09,650.27,648.45,-0.28,1,False,Close below 20 EMA (649.69)
WNLB,WEAN Nepal Laghubitta Bittiya Sanstha Limited,Microfinance,2024-02-23,2024-02-26,818.0,791.0,-3.3,1,False,Close below 20 EMA (827.26); Close below 200 EMA (809.53)
WNLB,WEAN Nepal Laghubitta Bittiya Sanstha Limited,Microfinance,2024-02-29,2024-03-01,816.0,801.0,-1.84,1,False,Close below 20 EMA (823.87); Close below 200 EMA (809.87)
WNLB,WEAN Nepal Laghubitta Bittiya Sanstha Limited,Microfinance,2024-11-12,2024-11-13,2668.0,2599.0,-2.59,1,False,Close below 20 EMA (2618.34)
WNLB,WEAN Nepal Laghubitta Bittiya Sanstha Limited,Microfinance,2024-12-18,2024-12-20,2634.5,2552.0,-3.13,2,False,Close below 20 EMA (2603.71)
WNLB,WEAN Nepal Laghubitta Bittiya Sanstha Limited,Microfinance,2025-02-10,2025-02-11,2755.0,2713.3,-1.51,1,False,Close below 20 EMA (2730.15)
WNLB,WEAN Nepal Laghubitta Bittiya Sanstha Limited,Microfinance,2025-04-09,2025-04-16,2998.9,2933.69,-2.17,4,False,Close below 20 EMA (3091.79)
WNLB,WEAN Nepal Laghubitta Bittiya Sanstha Limited,Microfinance,2025-04-21,2025-04-22,2985.59,2865.69,-4.02,1,False,Close below 20 EMA (3030.78)
WNLB,WEAN Nepal Laghubitta Bittiya Sanstha Limited,Microfinance,2025-05-01,2025-05-05,2913.2,2621.9,-10.0,1,False,Close below 20 EMA (2895.57)
WNLB,WEAN Nepal Laghubitta Bittiya Sanstha Limited,Microfinance,2025-05-06,2025-05-07,2834.48,2551.1,-10.0,1,False,Close below 20 EMA (2857.50)
